-9.48,-5.05,-0.80,2.07,3.92,5.02,5.67,6.05,6.24,6.32,6.32,6.29,6.23,6.17,6.10,6.02,5.92,5.79,5.62,5.41,5.01,4.53,4.01,3.45,2.85,2.20,1.51,0.78,0.00,-0.82,-1.68,-2.57,-3.49,-4.43,-5.38,-6.31,-7.21,-8.04,-8.78,-9.41,-9.93,-10.33,-10.62,-10.81,-10.89,-10.89,-10.81,-10.67,-10.47,-10.21,-9.88,-9.49,-9.02,-8.46,-7.81,-7.06,-6.21,-5.25,-4.21,-3.13,-2.04,-0.98,0.04,1.01,1.91,2.75,3.51,4.19,4.77,5.26,5.58,5.76,5.84,5.83,5.74,5.58,5.34,5.03,4.65,4.20,3.70,3.16,2.59,1.99,1.38,0.79,0.23,-0.31,-0.82,-1.31,-1.76,-2.18,-2.57,-2.94,-3.29,-3.61,-3.91,-4.18,-4.45,-4.69
-9.77,-4.19,-0.15,2.59,4.20,5.12,5.64,5.93,6.06,6.10,6.08,6.03,5.96,5.89,5.81,5.72,5.60,5.45,5.27,5.03,4.58,4.09,3.57,3.01,2.40,1.75,1.06,0.33,-0.44,-1.24,-2.07,-2.94,-3.82,-4.71,-5.60,-6.47,-7.30,-8.07,-8.75,-9.33,-9.81,-10.18,-10.45,-10.61,-10.69,-10.69,-10.61,-10.47,-10.27,-10.00,-9.66,-9.24,-8.73,-8.14,-7.44,-6.64,-5.74,-4.75,-3.71,-2.65,-1.61,-0.60,0.37,1.28,2.14,2.92,3.62,4.24,4.78,5.22,5.47,5.60,5.64,5.60,5.47,5.27,4.99,4.64,4.23,3.76,3.25,2.71,2.14,1.55,0.96,0.40,-0.14,-0.66,-1.15,-1.61,-2.04,-2.45,-2.83,-3.18,-3.51,-3.82,-4.11,-4.38,-4.64,-4.88
-8.66,-3.21,0.61,3.06,4.38,5.13,5.55,5.76,5.84,5.85,5.81,5.75,5.68,5.59,5.50,5.39,5.26,5.10,4.89,4.60,4.14,3.65,3.12,2.56,1.95,1.31,0.62,-0.10,-0.85,-1.64,-2.45,-3.28,-4.12,-4.97,-5.81,-6.62,-7.38,-8.09,-8.71,-9.25,-9.69,-10.03,-10.28,-10.43,-10.50,-10.50,-10.43,-10.28,-10.07,-9.78,-9.41,-8.96,-8.42,-7.78,-7.04,-6.19,-5.25,-4.25,-3.22,-2.21,-1.21,-0.25,0.66,1.52,2.32,3.05,3.70,4.27,4.76,5.13,5.33,5.42,5.42,5.34,5.17,4.93,4.62,4.24,3.81,3.33,2.81,2.27,1.70,1.13,0.57,0.03,-0.49,-0.98,-1.45,-1.89,-2.30,-2.69,-3.06,-3.40,-3.72,-4.02,-4.30,-4.57,-4.81,-5.05
-7.11,-2.16,1.41,3.39,4.46,5.06,5.39,5.54,5.59,5.57,5.52,5.45,5.37,5.28,5.17,5.05,4.90,4.72,4.49,4.15,3.70,3.20,2.68,2.11,1.51,0.87,0.19,-0.52,-1.25,-2.02,-2.80,-3.60,-4.41,-5.21,-5.99,-6.75,-7.46,-8.11,-8.68,-9.18,-9.58,-9.90,-10.13,-10.27,-10.33,-10.32,-10.24,-10.08,-9.85,-9.54,-9.14,-8.65,-8.07,-7.38,-6.59,-5.71,-4.75,-3.77,-2.78,-1.80,-0.86,0.05,0.92,1.73,2.47,3.15,3.75,4.27,4.71,5.02,5.17,5.22,5.18,5.05,4.85,4.57,4.23,3.83,3.39,2.90,2.38,1.84,1.29,0.74,0.20,-0.32,-0.81,-1.28,-1.73,-2.15,-2.55,-2.93,-3.28,-3.61,-3.92,-4.20,-4.48,-4.73,-4.97,-5.20
-5.60,-1.03,2.02,3.58,4.44,4.93,5.18,5.29,5.30,5.27,5.21,5.13,5.04,4.94,4.82,4.68,4.52,4.32,4.07,3.70,3.24,2.75,2.22,1.66,1.07,0.44,-0.23,-0.92,-1.64,-2.38,-3.14,-3.90,-4.67,-5.43,-6.17,-6.87,-7.53,-8.13,-8.66,-9.12,-9.49,-9.78,-9.99,-10.12,-10.17,-10.15,-10.05,-9.87,-9.61,-9.27,-8.84,-8.31,-7.68,-6.94,-6.11,-5.21,-4.26,-3.31,-2.37,-1.44,-0.54,0.33,1.14,1.90,2.59,3.22,3.77,4.25,4.64,4.88,4.98,4.99,4.91,4.74,4.51,4.21,3.84,3.43,2.97,2.48,1.96,1.43,0.89,0.36,-0.15,-0.64,-1.12,-1.57,-2.00,-2.40,-2.78,-3.14,-3.48,-3.79,-4.09,-4.37,-4.64,-4.89,-5.12,-5.34
-4.14,0.08,2.41,3.65,4.35,4.73,4.93,5.00,4.99,4.94,4.87,4.78,4.68,4.57,4.45,4.29,4.11,3.90,3.63,3.23,2.78,2.29,1.77,1.22,0.63,0.01,-0.64,-1.31,-2.01,-2.73,-3.45,-4.19,-4.92,-5.63,-6.33,-6.98,-7.60,-8.15,-8.64,-9.06,-9.41,-9.67,-9.86,-9.97,-10.01,-9.96,-9.84,-9.64,-9.35,-8.97,-8.49,-7.92,-7.24,-6.47,-5.61,-4.72,-3.80,-2.89,-1.99,-1.10,-0.25,0.57,1.34,2.05,2.69,3.27,3.77,4.20,4.54,4.71,4.77,4.73,4.61,4.42,4.16,3.83,3.44,3.02,2.56,2.07,1.56,1.04,0.52,0.01,-0.48,-0.95,-1.40,-1.84,-2.24,-2.63,-3.00,-3.34,-3.66,-3.97,-4.25,-4.53,-4.78,-5.02,-5.25,-5.47
-2.70,0.83,2.63,3.62,4.18,4.49,4.63,4.67,4.65,4.59,4.51,4.42,4.31,4.19,4.05,3.88,3.69,3.45,3.17,2.75,2.31,1.82,1.31,0.77,0.19,-0.41,-1.04,-1.70,-2.37,-3.06,-3.76,-4.46,-5.15,-5.82,-6.47,-7.09,-7.66,-8.17,-8.63,-9.01,-9.33,-9.57,-9.73,-9.82,-9.83,-9.76,-9.61,-9.37,-9.05,-8.63,-8.11,-7.48,-6.76,-5.96,-5.12,-4.25,-3.38,-2.50,-1.64,-0.80,0.02,0.79,1.51,2.17,2.77,3.29,3.75,4.12,4.42,4.53,4.54,4.46,4.31,4.08,3.79,3.44,3.05,2.62,2.15,1.67,1.16,0.66,0.16,-0.33,-0.79,-1.24,-1.67,-2.08,-2.47,-2.84,-3.19,-3.52,-3.83,-4.12,-4.40,-4.66,-4.91,-5.14,-5.37,-5.58
-1.38,1.29,2.70,3.50,3.96,4.20,4.31,4.32,4.29,4.22,4.13,4.03,3.91,3.78,3.62,3.45,3.24,2.99,2.68,2.27,1.82,1.35,0.85,0.32,-0.24,-0.83,-1.44,-2.07,-2.72,-3.38,-4.05,-4.71,-5.36,-6.00,-6.61,-7.18,-7.71,-8.19,-8.61,-8.96,-9.24,-9.45,-9.59,-9.65,-9.63,-9.53,-9.35,-9.07,-8.70,-8.24,-7.67,-7.00,-6.26,-5.46,-4.64,-3.81,-2.98,-2.14,-1.32,-0.51,0.26,0.99,1.66,2.27,2.82,3.30,3.71,4.03,4.26,4.32,4.29,4.18,3.99,3.74,3.43,3.06,2.65,2.22,1.76,1.28,0.79,0.30,-0.18,-0.64,-1.09,-1.52,-1.93,-2.32,-2.69,-3.04,-3.37,-3.69,-3.98,-4.27,-4.53,-4.78,-5.02,-5.25,-5.46,-5.67
-0.48,1.54,2.66,3.32,3.68,3.87,3.95,3.95,3.90,3.82,3.73,3.61,3.49,3.34,3.18,2.99,2.76,2.50,2.17,1.77,1.33,0.87,0.38,-0.13,-0.68,-1.24,-1.83,-2.44,-3.06,-3.69,-4.32,-4.95,-5.57,-6.17,-6.74,-7.27,-7.76,-8.20,-8.58,-8.90,-9.15,-9.33,-9.43,-9.46,-9.41,-9.27,-9.04,-8.73,-8.31,-7.79,-7.18,-6.49,-5.75,-4.98,-4.19,-3.40,-2.60,-1.80,-1.02,-0.25,0.48,1.17,1.79,2.36,2.86,3.29,3.65,3.92,4.08,4.10,4.03,3.88,3.66,3.39,3.06,2.68,2.27,1.83,1.37,0.90,0.43,-0.04,-0.50,-0.94,-1.36,-1.77,-2.16,-2.53,-2.88,-3.22,-3.53,-3.84,-4.12,-4.39,-4.64,-4.89,-5.12,-5.34,-5.55,-5.75
0.06,1.62,2.53,3.06,3.36,3.51,3.56,3.54,3.49,3.40,3.30,3.18,3.04,2.88,2.71,2.50,2.27,1.99,1.65,1.25,0.83,0.39,-0.09,-0.59,-1.11,-1.65,-2.22,-2.80,-3.39,-3.99,-4.59,-5.18,-5.76,-6.32,-6.85,-7.34,-7.79,-8.19,-8.54,-8.82,-9.03,-9.18,-9.25,-9.24,-9.15,-8.97,-8.70,-8.33,-7.86,-7.30,-6.66,-5.97,-5.26,-4.52,-3.78,-3.02,-2.25,-1.49,-0.73,-0.00,0.69,1.33,1.91,2.43,2.88,3.26,3.57,3.79,3.89,3.86,3.75,3.57,3.33,3.04,2.69,2.30,1.89,1.45,1.00,0.54,0.09,-0.36,-0.79,-1.21,-1.62,-2.00,-2.37,-2.72,-3.06,-3.38,-3.68,-3.97,-4.24,-4.49,-4.74,-4.97,-5.20,-5.41,-5.62,-5.82
0.34,1.58,2.32,2.76,3.00,3.11,3.14,3.11,3.05,2.95,2.84,2.71,2.56,2.40,2.21,1.99,1.75,1.46,1.11,0.73,0.32,-0.11,-0.57,-1.04,-1.55,-2.07,-2.60,-3.16,-3.72,-4.28,-4.84,-5.40,-5.94,-6.46,-6.95,-7.40,-7.82,-8.18,-8.48,-8.72,-8.90,-9.00,-9.03,-8.98,-8.84,-8.62,-8.29,-7.87,-7.36,-6.77,-6.14,-5.48,-4.80,-4.10,-3.39,-2.66,-1.92,-1.19,-0.47,0.23,0.88,1.48,2.01,2.48,2.89,3.22,3.47,3.65,3.68,3.61,3.47,3.26,3.00,2.68,2.32,1.93,1.52,1.09,0.65,0.20,-0.23,-0.66,-1.07,-1.47,-1.85,-2.22,-2.57,-2.90,-3.22,-3.52,-3.80,-4.08,-4.34,-4.58,-4.82,-5.05,-5.26,-5.47,-5.68,-5.87
0.44,1.44,2.05,2.41,2.60,2.69,2.70,2.66,2.58,2.48,2.36,2.22,2.06,1.88,1.68,1.46,1.20,0.91,0.56,0.19,-0.20,-0.61,-1.05,-1.51,-1.98,-2.48,-2.99,-3.51,-4.04,-4.57,-5.09,-5.61,-6.11,-6.59,-7.04,-7.45,-7.82,-8.14,-8.40,-8.60,-8.73,-8.79,-8.78,-8.68,-8.49,-8.21,-7.83,-7.37,-6.83,-6.25,-5.64,-5.01,-4.37,-3.70,-3.02,-2.32,-1.61,-0.90,-0.21,0.45,1.06,1.61,2.10,2.52,2.88,3.16,3.36,3.49,3.46,3.35,3.18,2.94,2.66,2.33,1.96,1.57,1.16,0.74,0.31,-0.12,-0.53,-0.94,-1.33,-1.70,-2.06,-2.41,-2.74,-3.05,-3.35,-3.64,-3.91,-4.17,-4.42,-4.66,-4.88,-5.10,-5.31,-5.52,-5.72,-5.91
0.40,1.22,1.72,2.02,2.17,2.23,2.23,2.18,2.09,1.98,1.85,1.70,1.53,1.35,1.13,0.90,0.63,0.33,-0.00,-0.36,-0.73,-1.13,-1.54,-1.97,-2.42,-2.89,-3.37,-3.86,-4.35,-4.84,-5.33,-5.81,-6.27,-6.71,-7.11,-7.48,-7.80,-8.08,-8.29,-8.45,-8.53,-8.54,-8.47,-8.32,-8.07,-7.73,-7.31,-6.83,-6.30,-5.75,-5.18,-4.59,-3.97,-3.33,-2.67,-2.00,-1.31,-0.63,0.03,0.65,1.22,1.73,2.17,2.55,2.85,3.08,3.23,3.30,3.23,3.08,2.88,2.62,2.32,1.98,1.61,1.22,0.82,0.40,-0.01,-0.42,-0.81,-1.19,-1.56,-1.91,-2.25,-2.58,-2.89,-3.19,-3.47,-3.74,-4.00,-4.25,-4.48,-4.71,-4.93,-5.14,-5.35,-5.55,-5.75,-5.94
0.25,0.93,1.34,1.59,1.71,1.75,1.73,1.67,1.57,1.45,1.31,1.16,0.98,0.78,0.56,0.31,0.04,-0.26,-0.58,-0.92,-1.27,-1.65,-2.04,-2.45,-2.87,-3.31,-3.75,-4.20,-4.66,-5.12,-5.56,-6.00,-6.41,-6.80,-7.16,-7.49,-7.76,-7.99,-8.15,-8.25,-8.29,-8.24,-8.11,-7.90,-7.59,-7.21,-6.78,-6.30,-5.81,-5.29,-4.75,-4.19,-3.60,-2.99,-2.34,-1.69,-1.02,-0.37,0.26,0.85,1.37,1.84,2.23,2.56,2.81,2.98,3.09,3.09,2.98,2.81,2.58,2.31,1.99,1.64,1.27,0.88,0.49,0.09,-0.31,-0.69,-1.06,-1.42,-1.77,-2.10,-2.42,-2.73,-3.02,-3.30,-3.57,-3.82,-4.07,-4.30,-4.53,-4.75,-4.96,-5.17,-5.37,-5.57,-5.77,-5.96
0.02,0.58,0.93,1.13,1.22,1.24,1.21,1.13,1.03,0.90,0.75,0.58,0.40,0.19,-0.04,-0.30,-0.58,-0.87,-1.17,-1.49,-1.83,-2.18,-2.54,-2.92,-3.32,-3.72,-4.13,-4.55,-4.97,-5.38,-5.78,-6.17,-6.54,-6.89,-7.20,-7.47,-7.69,-7.86,-7.97,-8.01,-7.98,-7.88,-7.68,-7.41,-7.07,-6.68,-6.26,-5.82,-5.35,-4.87,-4.36,-3.82,-3.26,-2.66,-2.03,-1.39,-0.74,-0.11,0.48,1.03,1.51,1.93,2.27,2.55,2.75,2.87,2.93,2.87,2.73,2.52,2.28,1.99,1.66,1.31,0.94,0.56,0.18,-0.21,-0.58,-0.94,-1.29,-1.63,-1.96,-2.27,-2.57,-2.86,-3.13,-3.39,-3.64,-3.89,-4.12,-4.34,-4.56,-4.78,-4.98,-5.19,-5.39,-5.58,-5.78,-5.97
-0.29,0.18,0.47,0.63,0.70,0.71,0.66,0.57,0.46,0.32,0.16,-0.02,-0.21,-0.43,-0.67,-0.93,-1.21,-1.49,-1.77,-2.07,-2.39,-2.71,-3.05,-3.40,-3.77,-4.14,-4.51,-4.89,-5.26,-5.63,-5.99,-6.33,-6.65,-6.94,-7.20,-7.42,-7.58,-7.69,-7.74,-7.72,-7.62,-7.44,-7.19,-6.89,-6.54,-6.17,-5.78,-5.38,-4.95,-4.49,-4.01,-3.48,-2.93,-2.34,-1.73,-1.10,-0.47,0.13,0.70,1.20,1.64,2.01,2.30,2.52,2.67,2.75,2.76,2.64,2.47,2.24,1.97,1.67,1.34,0.99,0.62,0.25,-0.11,-0.48,-0.83,-1.17,-1.50,-1.82,-2.12,-2.41,-2.69,-2.96,-3.22,-3.46,-3.70,-3.93,-4.15,-4.37,-4.58,-4.79,-4.99,-5.19,-5.39,-5.59,-5.78,-5.97
-0.65,-0.26,-0.02,0.11,0.16,0.14,0.08,-0.01,-0.14,-0.28,-0.45,-0.64,-0.85,-1.07,-1.32,-1.59,-1.85,-2.11,-2.38,-2.66,-2.95,-3.25,-3.57,-3.89,-4.22,-4.55,-4.89,-5.22,-5.55,-5.88,-6.18,-6.48,-6.74,-6.98,-7.17,-7.32,-7.43,-7.47,-7.44,-7.35,-7.18,-6.96,-6.68,-6.38,-6.06,-5.72,-5.36,-4.99,-4.58,-4.15,-3.67,-3.16,-2.62,-2.04,-1.43,-0.81,-0.21,0.37,0.90,1.36,1.75,2.06,2.31,2.47,2.57,2.60,2.56,2.40,2.20,1.95,1.67,1.36,1.03,0.68,0.33,-0.03,-0.38,-0.72,-1.06,-1.37,-1.68,-1.98,-2.26,-2.53,-2.79,-3.04,-3.29,-3.52,-3.74,-3.96,-4.17,-4.38,-4.59,-4.79,-4.99,-5.19,-5.39,-5.58,-5.78,-5.97
-1.05,-0.73,-0.53,-0.44,-0.41,-0.44,-0.52,-0.62,-0.76,-0.91,-1.09,-1.29,-1.50,-1.74,-1.99,-2.26,-2.50,-2.75,-3.00,-3.26,-3.52,-3.80,-4.08,-4.37,-4.66,-4.96,-5.25,-5.55,-5.83,-6.10,-6.36,-6.59,-6.80,-6.97,-7.10,-7.19,-7.21,-7.18,-7.08,-6.92,-6.70,-6.46,-6.19,-5.92,-5.63,-5.32,-4.99,-4.64,-4.25,-3.83,-3.37,-2.86,-2.32,-1.74,-1.14,-0.53,0.06,0.60,1.09,1.51,1.84,2.10,2.29,2.41,2.46,2.44,2.34,2.16,1.93,1.67,1.38,1.06,0.73,0.39,0.05,-0.29,-0.62,-0.95,-1.25,-1.55,-1.84,-2.11,-2.38,-2.63,-2.87,-3.11,-3.33,-3.55,-3.77,-3.98,-4.18,-4.38,-4.58,-4.78,-4.98,-5.18,-5.38,-5.58,-5.77,-5.97
-1.50,-1.23,-1.08,-1.01,-1.00,-1.05,-1.14,-1.25,-1.40,-1.57,-1.75,-1.96,-2.18,-2.42,-2.68,-2.93,-3.15,-3.38,-3.61,-3.85,-4.10,-4.35,-4.60,-4.85,-5.11,-5.36,-5.61,-5.86,-6.09,-6.31,-6.51,-6.68,-6.82,-6.92,-6.98,-6.99,-6.93,-6.82,-6.65,-6.45,-6.23,-6.00,-5.76,-5.52,-5.26,-4.98,-4.67,-4.33,-3.96,-3.54,-3.08,-2.57,-2.03,-1.45,-0.85,-0.25,0.31,0.83,1.27,1.63,1.91,2.12,2.26,2.32,2.33,2.27,2.12,1.91,1.66,1.39,1.09,0.77,0.45,0.12,-0.21,-0.53,-0.84,-1.14,-1.43,-1.71,-1.97,-2.23,-2.47,-2.71,-2.93,-3.15,-3.37,-3.58,-3.78,-3.98,-4.18,-4.37,-4.57,-4.77,-4.96,-5.16,-5.36,-5.57,-5.77,-5.96
-1.98,-1.76,-1.64,-1.60,-1.61,-1.68,-1.78,-1.91,-2.06,-2.24,-2.44,-2.65,-2.88,-3.13,-3.39,-3.60,-3.81,-4.02,-4.23,-4.45,-4.67,-4.89,-5.11,-5.33,-5.54,-5.76,-5.96,-6.15,-6.33,-6.49,-6.62,-6.73,-6.80,-6.82,-6.80,-6.71,-6.58,-6.40,-6.20,-6.00,-5.80,-5.60,-5.40,-5.18,-4.94,-4.68,-4.39,-4.06,-3.68,-3.27,-2.80,-2.29,-1.74,-1.15,-0.56,0.02,0.56,1.04,1.43,1.73,1.96,2.11,2.20,2.22,2.18,2.07,1.88,1.65,1.39,1.11,0.81,0.50,0.18,-0.13,-0.44,-0.74,-1.03,-1.31,-1.58,-1.83,-2.08,-2.32,-2.55,-2.77,-2.98,-3.18,-3.39,-3.58,-3.78,-3.97,-4.16,-4.36,-4.55,-4.75,-4.95,-5.15,-5.35,-5.55,-5.75,-5.95
-2.48,-2.31,-2.22,-2.21,-2.24,-2.32,-2.43,-2.58,-2.74,-2.93,-3.13,-3.35,-3.59,-3.84,-4.06,-4.26,-4.45,-4.65,-4.84,-5.04,-5.23,-5.42,-5.61,-5.79,-5.96,-6.13,-6.28,-6.42,-6.54,-6.63,-6.70,-6.73,-6.71,-6.65,-6.53,-6.36,-6.17,-5.97,-5.79,-5.62,-5.45,-5.27,-5.09,-4.89,-4.67,-4.42,-4.14,-3.81,-3.43,-3.01,-2.53,-2.01,-1.45,-0.86,-0.27,0.30,0.80,1.23,1.56,1.81,1.98,2.08,2.12,2.09,2.01,1.86,1.64,1.40,1.13,0.84,0.55,0.24,-0.06,-0.36,-0.65,-0.93,-1.20,-1.46,-1.70,-1.94,-2.17,-2.39,-2.60,-2.81,-3.01,-3.20,-3.39,-3.58,-3.77,-3.96,-4.14,-4.34,-4.53,-4.73,-4.93,-5.13,-5.34,-5.54,-5.74,-5.93
-3.00,-2.87,-2.82,-2.83,-2.88,-2.98,-3.10,-3.26,-3.43,-3.63,-3.84,-4.07,-4.31,-4.54,-4.73,-4.91,-5.09,-5.27,-5.45,-5.62,-5.78,-5.94,-6.09,-6.23,-6.37,-6.48,-6.58,-6.66,-6.71,-6.73,-6.72,-6.66,-6.55,-6.39,-6.19,-5.97,-5.77,-5.60,-5.44,-5.30,-5.15,-5.00,-4.84,-4.66,-4.45,-4.20,-3.92,-3.58,-3.20,-2.76,-2.27,-1.73,-1.15,-0.55,0.03,0.57,1.03,1.40,1.67,1.86,1.98,2.03,2.01,1.94,1.82,1.63,1.40,1.14,0.87,0.59,0.30,0.01,-0.28,-0.56,-0.83,-1.09,-1.34,-1.58,-1.81,-2.03,-2.24,-2.44,-2.64,-2.83,-3.02,-3.21,-3.39,-3.57,-3.75,-3.94,-4.12,-4.31,-4.51,-4.71,-4.91,-5.11,-5.32,-5.52,-5.72,-5.91
-3.54,-3.45,-3.42,-3.45,-3.53,-3.64,-3.78,-3.94,-4.13,-4.34,-4.56,-4.79,-5.02,-5.20,-5.38,-5.55,-5.72,-5.88,-6.03,-6.18,-6.32,-6.44,-6.56,-6.65,-6.74,-6.80,-6.84,-6.85,-6.83,-6.77,-6.67,-6.51,-6.30,-6.05,-5.81,-5.60,-5.43,-5.29,-5.16,-5.04,-4.92,-4.79,-4.64,-4.46,-4.26,-4.01,-3.72,-3.37,-2.97,-2.51,-2.00,-1.44,-0.84,-0.24,0.33,0.83,1.23,1.54,1.75,1.89,1.95,1.94,1.89,1.78,1.62,1.40,1.16,0.90,0.63,0.35,0.07,-0.21,-0.48,-0.74,-0.99,-1.23,-1.46,-1.68,-1.89,-2.09,-2.29,-2.48,-2.67,-2.85,-3.03,-3.20,-3.38,-3.55,-3.73,-3.91,-4.10,-4.29,-4.49,-4.69,-4.89,-5.10,-5.30,-5.50,-5.69,-5.87
-4.08,-4.02,-4.03,-4.08,-4.18,-4.30,-4.46,-4.63,-4.83,-5.04,-5.27,-5.49,-5.67,-5.84,-6.01,-6.17,-6.32,-6.47,-6.60,-6.72,-6.83,-6.92,-6.99,-7.04,-7.07,-7.07,-7.05,-6.99,-6.88,-6.73,-6.52,-6.26,-5.96,-5.69,-5.47,-5.30,-5.16,-5.04,-4.94,-4.84,-4.73,-4.62,-4.48,-4.31,-4.10,-3.84,-3.53,-3.17,-2.74,-2.26,-1.72,-1.13,-0.52,0.08,0.62,1.06,1.41,1.65,1.80,1.88,1.89,1.84,1.74,1.60,1.40,1.17,0.92,0.66,0.39,0.12,-0.14,-0.40,-0.65,-0.89,-1.13,-1.35,-1.56,-1.76,-1.95,-2.14,-2.33,-2.51,-2.68,-2.85,-3.02,-3.19,-3.36,-3.53,-3.71,-3.89,-4.08,-4.27,-4.47,-4.67,-4.87,-5.08,-5.28,-5.47,-5.66,-5.82
-4.62,-4.60,-4.63,-4.71,-4.82,-4.96,-5.13,-5.31,-5.52,-5.74,-5.94,-6.12,-6.30,-6.46,-6.62,-6.77,-6.91,-7.03,-7.14,-7.23,-7.30,-7.35,-7.38,-7.38,-7.36,-7.29,-7.19,-7.04,-6.85,-6.59,-6.27,-5.91,-5.61,-5.37,-5.19,-5.05,-4.94,-4.85,-4.77,-4.69,-4.60,-4.49,-4.35,-4.18,-3.96,-3.69,-3.36,-2.97,-2.51,-1.99,-1.42,-0.80,-0.18,0.40,0.89,1.27,1.54,1.72,1.81,1.83,1.80,1.71,1.58,1.41,1.18,0.94,0.69,0.44,0.18,-0.08,-0.33,-0.57,-0.80,-1.03,-1.24,-1.44,-1.63,-1.82,-2.00,-2.18,-2.35,-2.52,-2.68,-2.85,-3.01,-3.17,-3.34,-3.51,-3.69,-3.87,-4.06,-4.25,-4.45,-4.65,-4.85,-5.05,-5.25,-5.43,-5.60,-5.75
-5.15,-5.16,-5.22,-5.32,-5.45,-5.60,-5.78,-5.98,-6.19,-6.38,-6.56,-6.73,-6.90,-7.06,-7.21,-7.34,-7.46,-7.56,-7.64,-7.70,-7.74,-7.74,-7.72,-7.67,-7.57,-7.44,-7.25,-7.01,-6.70,-6.32,-5.91,-5.56,-5.30,-5.11,-4.96,-4.86,-4.78,-4.71,-4.65,-4.59,-4.50,-4.40,-4.26,-4.07,-3.84,-3.54,-3.18,-2.76,-2.26,-1.70,-1.09,-0.45,0.17,0.71,1.13,1.44,1.65,1.76,1.79,1.76,1.68,1.56,1.40,1.20,0.96,0.72,0.47,0.23,-0.02,-0.26,-0.49,-0.72,-0.93,-1.13,-1.33,-1.51,-1.69,-1.87,-2.04,-2.20,-2.36,-2.52,-2.68,-2.83,-2.99,-3.15,-3.32,-3.49,-3.67,-3.85,-4.04,-4.23,-4.43,-4.63,-4.83,-5.02,-5.21,-5.38,-5.53,-5.66
-5.65,-5.70,-5.78,-5.90,-6.05,-6.22,-6.41,-6.61,-6.79,-6.97,-7.15,-7.32,-7.48,-7.63,-7.76,-7.88,-7.97,-8.05,-8.10,-8.12,-8.12,-8.08,-8.00,-7.88,-7.71,-7.49,-7.20,-6.84,-6.41,-5.94,-5.55,-5.26,-5.05,-4.90,-4.79,-4.72,-4.67,-4.63,-4.58,-4.52,-4.45,-4.34,-4.18,-3.98,-3.72,-3.40,-3.00,-2.53,-1.99,-1.38,-0.73,-0.08,0.51,0.99,1.34,1.57,1.70,1.75,1.73,1.66,1.54,1.39,1.20,0.98,0.74,0.51,0.27,0.03,-0.20,-0.42,-0.64,-0.84,-1.03,-1.22,-1.40,-1.57,-1.74,-1.90,-2.06,-2.21,-2.36,-2.51,-2.67,-2.82,-2.97,-3.13,-3.30,-3.47,-3.64,-3.83,-4.01,-4.21,-4.40,-4.60,-4.79,-4.98,-5.15,-5.30,-5.43,-5.52
-6.12,-6.20,-6.31,-6.45,-6.62,-6.81,-6.98,-7.17,-7.35,-7.53,-7.71,-7.87,-8.02,-8.16,-8.27,-8.37,-8.44,-8.49,-8.50,-8.49,-8.43,-8.33,-8.19,-7.99,-7.74,-7.41,-7.01,-6.52,-5.99,-5.57,-5.25,-5.01,-4.85,-4.74,-4.68,-4.63,-4.61,-4.58,-4.55,-4.50,-4.42,-4.30,-4.13,-3.90,-3.61,-3.24,-2.80,-2.27,-1.67,-1.02,-0.34,0.30,0.83,1.23,1.50,1.65,1.72,1.71,1.65,1.54,1.39,1.21,1.00,0.77,0.54,0.31,0.08,-0.14,-0.35,-0.56,-0.75,-0.94,-1.12,-1.29,-1.46,-1.62,-1.77,-1.92,-2.07,-2.21,-2.36,-2.50,-2.65,-2.80,-2.95,-3.11,-3.27,-3.44,-3.62,-3.80,-3.99,-4.18,-4.37,-4.56,-4.74,-4.91,-5.07,-5.19,-5.27,-5.31
-6.57,-6.67,-6.80,-6.95,-7.13,-7.33,-7.51,-7.70,-7.88,-8.06,-8.23,-8.38,-8.52,-8.64,-8.74,-8.81,-8.85,-8.86,-8.84,-8.77,-8.66,-8.50,-8.28,-7.99,-7.63,-7.18,-6.64,-6.06,-5.59,-5.24,-4.99,-4.82,-4.70,-4.64,-4.61,-4.59,-4.59,-4.58,-4.55,-4.50,-4.41,-4.27,-4.08,-3.82,-3.48,-3.06,-2.56,-1.97,-1.31,-0.61,0.07,0.66,1.11,1.42,1.61,1.69,1.70,1.64,1.53,1.39,1.21,1.02,0.80,0.57,0.35,0.13,-0.08,-0.29,-0.48,-0.67,-0.85,-1.02,-1.19,-1.35,-1.50,-1.65,-1.79,-1.93,-2.07,-2.21,-2.34,-2.48,-2.63,-2.78,-2.93,-3.09,-3.25,-3.42,-3.60,-3.78,-3.96,-4.15,-4.33,-4.51,-4.68,-4.81,-4.93,-5.01,-5.05,-5.05
-6.99,-7.11,-7.25,-7.41,-7.59,-7.80,-7.99,-8.19,-8.37,-8.55,-8.71,-8.85,-8.97,-9.07,-9.14,-9.19,-9.19,-9.16,-9.09,-8.96,-8.78,-8.54,-8.23,-7.83,-7.34,-6.75,-6.12,-5.61,-5.24,-4.97,-4.79,-4.67,-4.61,-4.58,-4.58,-4.60,-4.61,-4.61,-4.59,-4.53,-4.42,-4.26,-4.03,-3.72,-3.33,-2.84,-2.27,-1.61,-0.89,-0.17,0.48,0.98,1.33,1.55,1.66,1.68,1.63,1.53,1.39,1.22,1.03,0.83,0.60,0.38,0.17,-0.03,-0.23,-0.42,-0.60,-0.77,-0.93,-1.09,-1.24,-1.39,-1.53,-1.66,-1.80,-1.93,-2.06,-2.19,-2.32,-2.46,-2.60,-2.75,-2.90,-3.06,-3.23,-3.39,-3.57,-3.75,-3.92,-4.10,-4.27,-4.42,-4.56,-4.66,-4.74,-4.78,-4.78,-4.74
-7.36,-7.50,-7.65,-7.82,-8.01,-8.21,-8.41,-8.62,-8.80,-8.97,-9.13,-9.26,-9.36,-9.43,-9.47,-9.48,-9.44,-9.36,-9.22,-9.03,-8.77,-8.43,-8.00,-7.47,-6.84,-6.16,-5.62,-5.23,-4.94,-4.75,-4.63,-4.57,-4.56,-4.57,-4.61,-4.64,-4.67,-4.67,-4.64,-4.57,-4.44,-4.24,-3.96,-3.59,-3.13,-2.57,-1.92,-1.19,-0.43,0.28,0.84,1.24,1.50,1.63,1.67,1.63,1.53,1.40,1.23,1.05,0.85,0.63,0.41,0.21,0.02,-0.17,-0.35,-0.52,-0.69,-0.84,-0.99,-1.14,-1.28,-1.41,-1.54,-1.67,-1.79,-1.92,-2.04,-2.17,-2.30,-2.44,-2.58,-2.72,-2.88,-3.03,-3.20,-3.36,-3.53,-3.70,-3.87,-4.02,-4.17,-4.30,-4.40,-4.48,-4.51,-4.51,-4.47,-4.38
-7.68,-7.83,-7.99,-8.17,-8.35,-8.55,-8.74,-8.94,-9.14,-9.32,-9.46,-9.58,-9.66,-9.70,-9.71,-9.67,-9.58,-9.43,-9.23,-8.94,-8.58,-8.12,-7.56,-6.87,-6.16,-5.60,-5.19,-4.90,-4.70,-4.58,-4.53,-4.53,-4.56,-4.61,-4.67,-4.72,-4.75,-4.75,-4.71,-4.61,-4.44,-4.20,-3.86,-3.42,-2.88,-2.23,-1.49,-0.70,0.06,0.68,1.14,1.43,1.60,1.65,1.63,1.54,1.41,1.24,1.06,0.86,0.66,0.45,0.25,0.06,-0.12,-0.29,-0.46,-0.61,-0.76,-0.90,-1.04,-1.17,-1.30,-1.42,-1.54,-1.66,-1.78,-1.90,-2.02,-2.14,-2.27,-2.41,-2.55,-2.70,-2.85,-3.00,-3.16,-3.32,-3.48,-3.63,-3.78,-3.92,-4.04,-4.14,-4.21,-4.24,-4.24,-4.19,-4.10,-3.97
-7.94,-8.10,-8.26,-8.44,-8.62,-8.80,-8.99,-9.16,-9.34,-9.50,-9.65,-9.78,-9.84,-9.85,-9.82,-9.72,-9.57,-9.35,-9.05,-8.66,-8.17,-7.57,-6.83,-6.10,-5.54,-5.12,-4.82,-4.63,-4.52,-4.47,-4.48,-4.53,-4.60,-4.68,-4.76,-4.82,-4.86,-4.85,-4.78,-4.65,-4.43,-4.12,-3.70,-3.18,-2.54,-1.80,-0.98,-0.17,0.51,1.02,1.36,1.56,1.63,1.62,1.54,1.42,1.26,1.08,0.88,0.68,0.48,0.28,0.10,-0.07,-0.24,-0.39,-0.54,-0.68,-0.82,-0.95,-1.07,-1.19,-1.31,-1.42,-1.53,-1.64,-1.76,-1.87,-1.99,-2.12,-2.25,-2.38,-2.52,-2.66,-2.81,-2.96,-3.11,-3.26,-3.40,-3.54,-3.67,-3.79,-3.88,-3.94,-3.98,-3.97,-3.92,-3.83,-3.70,-3.52
-8.13,-8.29,-8.45,-8.62,-8.79,-8.96,-9.12,-9.28,-9.42,-9.55,-9.66,-9.74,-9.80,-9.82,-9.76,-9.60,-9.37,-9.06,-8.65,-8.13,-7.48,-6.70,-5.97,-5.41,-5.00,-4.71,-4.52,-4.42,-4.39,-4.42,-4.48,-4.58,-4.69,-4.79,-4.89,-4.95,-4.97,-4.94,-4.84,-4.66,-4.37,-3.99,-3.48,-2.85,-2.11,-1.27,-0.42,0.33,0.89,1.28,1.51,1.61,1.62,1.55,1.43,1.27,1.09,0.90,0.70,0.51,0.31,0.13,-0.03,-0.19,-0.33,-0.47,-0.61,-0.74,-0.86,-0.98,-1.09,-1.20,-1.30,-1.41,-1.51,-1.62,-1.73,-1.84,-1.96,-2.09,-2.21,-2.35,-2.48,-2.62,-2.76,-2.90,-3.04,-3.18,-3.31,-3.43,-3.54,-3.62,-3.69,-3.71,-3.71,-3.66,-3.57,-3.43,-3.26,-3.05
-8.24,-8.39,-8.55,-8.71,-8.86,-9.01,-9.14,-9.27,-9.37,-9.45,-9.51,-9.54,-9.53,-9.47,-9.36,-9.19,-8.93,-8.50,-7.95,-7.26,-6.45,-5.75,-5.21,-4.81,-4.53,-4.36,-4.28,-4.27,-4.32,-4.41,-4.53,-4.66,-4.80,-4.93,-5.03,-5.08,-5.09,-5.02,-4.87,-4.62,-4.26,-3.77,-3.16,-2.42,-1.57,-0.67,0.13,0.75,1.18,1.45,1.58,1.60,1.55,1.44,1.28,1.11,0.92,0.72,0.53,0.34,0.17,0.01,-0.14,-0.28,-0.41,-0.54,-0.66,-0.78,-0.89,-0.99,-1.09,-1.19,-1.29,-1.39,-1.49,-1.59,-1.70,-1.81,-1.93,-2.05,-2.18,-2.31,-2.44,-2.57,-2.70,-2.83,-2.96,-3.08,-3.20,-3.29,-3.38,-3.43,-3.46,-3.45,-3.40,-3.31,-3.17,-3.00,-2.79,-2.55
-8.25,-8.40,-8.54,-8.68,-8.81,-8.93,-9.03,-9.11,-9.17,-9.20,-9.20,-9.16,-9.07,-8.92,-8.71,-8.41,-8.02,-7.50,-6.85,-6.06,-5.41,-4.91,-4.54,-4.29,-4.15,-4.09,-4.10,-4.18,-4.29,-4.44,-4.61,-4.78,-4.94,-5.08,-5.17,-5.21,-5.18,-5.07,-4.85,-4.52,-4.06,-3.46,-2.72,-1.86,-0.93,-0.08,0.59,1.07,1.38,1.54,1.59,1.55,1.44,1.29,1.12,0.93,0.74,0.55,0.37,0.20,0.04,-0.10,-0.23,-0.35,-0.47,-0.59,-0.69,-0.80,-0.90,-0.99,-1.08,-1.17,-1.26,-1.36,-1.46,-1.56,-1.67,-1.78,-1.89,-2.01,-2.13,-2.26,-2.38,-2.50,-2.63,-2.75,-2.86,-2.97,-3.06,-3.14,-3.19,-3.21,-3.20,-3.15,-3.06,-2.92,-2.75,-2.55,-2.31,-2.03
-8.17,-8.30,-8.42,-8.53,-8.63,-8.71,-8.77,-8.81,-8.81,-8.78,-8.70,-8.58,-8.39,-8.14,-7.79,-7.35,-6.78,-6.07,-5.37,-4.83,-4.43,-4.15,-3.95,-3.85,-3.83,-3.88,-3.98,-4.13,-4.32,-4.52,-4.72,-4.92,-5.09,-5.23,-5.31,-5.31,-5.24,-5.05,-4.75,-4.32,-3.74,-3.01,-2.15,-1.19,-0.29,0.43,0.95,1.29,1.48,1.56,1.53,1.44,1.30,1.13,0.95,0.76,0.57,0.40,0.23,0.07,-0.06,-0.18,-0.30,-0.41,-0.52,-0.62,-0.72,-0.80,-0.89,-0.97,-1.06,-1.14,-1.23,-1.33,-1.42,-1.53,-1.63,-1.74,-1.85,-1.97,-2.08,-2.20,-2.31,-2.43,-2.54,-2.64,-2.74,-2.83,-2.91,-2.96,-2.98,-2.96,-2.91,-2.82,-2.69,-2.52,-2.31,-2.08,-1.81,-1.52
-7.99,-8.09,-8.18,-8.26,-8.31,-8.35,-8.36,-8.33,-8.27,-8.16,-8.00,-7.77,-7.47,-7.08,-6.58,-5.96,-5.22,-4.58,-4.10,-3.74,-3.52,-3.40,-3.39,-3.46,-3.56,-3.72,-3.91,-4.13,-4.37,-4.62,-4.86,-5.07,-5.24,-5.36,-5.41,-5.37,-5.22,-4.96,-4.55,-4.00,-3.28,-2.42,-1.44,-0.50,0.26,0.81,1.19,1.42,1.51,1.51,1.43,1.30,1.14,0.96,0.77,0.59,0.42,0.25,0.10,-0.03,-0.14,-0.25,-0.35,-0.45,-0.55,-0.63,-0.72,-0.79,-0.87,-0.95,-1.03,-1.11,-1.20,-1.29,-1.39,-1.49,-1.60,-1.70,-1.81,-1.91,-2.02,-2.13,-2.23,-2.33,-2.44,-2.53,-2.62,-2.69,-2.74,-2.76,-2.74,-2.69,-2.60,-2.47,-2.30,-2.10,-1.86,-1.60,-1.31,-1.00
-7.69,-7.75,-7.81,-7.84,-7.85,-7.83,-7.77,-7.68,-7.54,-7.33,-7.07,-6.72,-6.28,-5.72,-5.04,-4.34,-3.78,-3.35,-3.04,-2.86,-2.77,-2.78,-2.87,-3.04,-3.28,-3.57,-3.87,-4.16,-4.45,-4.73,-4.99,-5.20,-5.37,-5.46,-5.46,-5.35,-5.12,-4.75,-4.21,-3.52,-2.66,-1.67,-0.70,0.08,0.67,1.08,1.33,1.46,1.48,1.42,1.30,1.14,0.97,0.78,0.60,0.43,0.28,0.13,0.00,-0.10,-0.20,-0.30,-0.39,-0.48,-0.56,-0.63,-0.70,-0.77,-0.84,-0.92,-1.00,-1.08,-1.17,-1.26,-1.36,-1.46,-1.55,-1.65,-1.75,-1.85,-1.94,-2.04,-2.14,-2.24,-2.33,-2.41,-2.48,-2.53,-2.56,-2.54,-2.49,-2.40,-2.27,-2.10,-1.89,-1.66,-1.40,-1.11,-0.81,-0.49
-7.26,-7.29,-7.30,-7.28,-7.23,-7.15,-7.02,-6.83,-6.59,-6.28,-5.88,-5.39,-4.78,-4.07,-3.45,-2.97,-2.60,-2.35,-2.20,-2.15,-2.18,-2.29,-2.47,-2.72,-3.02,-3.37,-3.75,-4.15,-4.52,-4.83,-5.10,-5.31,-5.44,-5.48,-5.42,-5.22,-4.88,-4.38,-3.71,-2.86,-1.87,-0.88,-0.09,0.52,0.95,1.23,1.38,1.42,1.39,1.28,1.14,0.97,0.79,0.61,0.45,0.29,0.15,0.03,-0.07,-0.16,-0.25,-0.33,-0.41,-0.48,-0.55,-0.61,-0.68,-0.74,-0.81,-0.89,-0.97,-1.05,-1.14,-1.23,-1.32,-1.41,-1.50,-1.59,-1.68,-1.77,-1.86,-1.95,-2.05,-2.14,-2.22,-2.30,-2.35,-2.37,-2.36,-2.31,-2.22,-2.08,-1.91,-1.71,-1.48,-1.21,-0.93,-0.63,-0.31,0.01
-6.72,-6.70,-6.65,-6.57,-6.45,-6.29,-6.07,-5.78,-5.42,-4.98,-4.43,-3.76,-3.12,-2.59,-2.18,-1.88,-1.68,-1.57,-1.55,-1.61,-1.74,-1.93,-2.18,-2.49,-2.83,-3.21,-3.62,-4.03,-4.44,-4.83,-5.15,-5.34,-5.44,-5.41,-5.26,-4.96,-4.48,-3.83,-3.00,-2.01,-1.04,-0.24,0.37,0.81,1.11,1.28,1.35,1.34,1.25,1.12,0.97,0.79,0.62,0.46,0.31,0.17,0.06,-0.04,-0.13,-0.21,-0.28,-0.35,-0.42,-0.47,-0.53,-0.59,-0.65,-0.72,-0.79,-0.87,-0.94,-1.03,-1.11,-1.19,-1.27,-1.35,-1.43,-1.51,-1.59,-1.68,-1.77,-1.87,-1.96,-2.05,-2.13,-2.19,-2.21,-2.20,-2.15,-2.06,-1.92,-1.75,-1.55,-1.31,-1.05,-0.77,-0.46,-0.15,0.18,0.51
-6.05,-5.97,-5.86,-5.70,-5.50,-5.24,-4.91,-4.50,-4.01,-3.40,-2.75,-2.21,-1.77,-1.43,-1.20,-1.05,-0.98,-0.99,-1.08,-1.22,-1.43,-1.69,-2.00,-2.34,-2.71,-3.11,-3.51,-3.91,-4.30,-4.65,-4.96,-5.19,-5.30,-5.20,-4.94,-4.50,-3.88,-3.08,-2.10,-1.14,-0.37,0.23,0.68,0.98,1.17,1.26,1.27,1.20,1.09,0.95,0.79,0.62,0.46,0.32,0.19,0.08,-0.02,-0.09,-0.16,-0.23,-0.30,-0.35,-0.40,-0.45,-0.51,-0.56,-0.63,-0.70,-0.77,-0.84,-0.91,-0.99,-1.06,-1.13,-1.20,-1.27,-1.35,-1.42,-1.51,-1.60,-1.70,-1.80,-1.90,-1.98,-2.05,-2.08,-2.07,-2.02,-1.92,-1.78,-1.61,-1.40,-1.16,-0.90,-0.61,-0.31,0.00,0.32,0.65,0.98
-5.25,-5.11,-4.92,-4.67,-4.37,-4.00,-3.54,-2.99,-2.37,-1.81,-1.36,-1.01,-0.74,-0.56,-0.46,-0.44,-0.48,-0.59,-0.76,-0.98,-1.25,-1.56,-1.90,-2.26,-2.65,-3.04,-3.42,-3.79,-4.13,-4.42,-4.65,-4.78,-4.81,-4.69,-4.40,-3.83,-3.05,-2.10,-1.18,-0.45,0.12,0.55,0.86,1.05,1.15,1.17,1.13,1.04,0.92,0.77,0.62,0.47,0.33,0.20,0.09,0.00,-0.07,-0.13,-0.19,-0.24,-0.29,-0.33,-0.38,-0.43,-0.48,-0.54,-0.61,-0.67,-0.74,-0.81,-0.87,-0.93,-0.99,-1.05,-1.12,-1.18,-1.26,-1.34,-1.44,-1.54,-1.65,-1.76,-1.86,-1.93,-1.97,-1.96,-1.91,-1.81,-1.67,-1.49,-1.27,-1.03,-0.77,-0.48,-0.18,0.14,0.46,0.78,1.11,1.43
-4.32,-4.10,-3.81,-3.47,-3.05,-2.55,-1.96,-1.41,-0.96,-0.60,-0.32,-0.12,0.01,0.06,0.04,-0.03,-0.17,-0.36,-0.59,-0.86,-1.17,-1.51,-1.87,-2.24,-2.62,-2.98,-3.33,-3.65,-3.92,-4.13,-4.25,-4.27,-4.15,-3.89,-3.44,-2.81,-1.97,-1.14,-0.47,0.06,0.46,0.74,0.92,1.03,1.06,1.04,0.97,0.87,0.74,0.60,0.46,0.33,0.21,0.11,0.02,-0.04,-0.10,-0.15,-0.19,-0.23,-0.27,-0.31,-0.36,-0.41,-0.47,-0.53,-0.59,-0.64,-0.70,-0.75,-0.80,-0.85,-0.90,-0.96,-1.02,-1.10,-1.19,-1.29,-1.40,-1.53,-1.66,-1.77,-1.85,-1.89,-1.88,-1.82,-1.72,-1.57,-1.39,-1.17,-0.92,-0.65,-0.36,-0.06,0.26,0.58,0.90,1.22,1.54,1.85
-3.26,-2.94,-2.55,-2.09,-1.55,-1.01,-0.57,-0.20,0.09,0.30,0.44,0.51,0.52,0.46,0.35,0.19,-0.01,-0.26,-0.54,-0.85,-1.18,-1.54,-1.90,-2.26,-2.60,-2.93,-3.23,-3.47,-3.66,-3.76,-3.76,-3.63,-3.37,-2.94,-2.34,-1.59,-0.92,-0.37,0.07,0.41,0.65,0.81,0.90,0.94,0.92,0.87,0.79,0.69,0.57,0.45,0.32,0.21,0.11,0.04,-0.02,-0.07,-0.11,-0.15,-0.18,-0.22,-0.25,-0.30,-0.35,-0.40,-0.45,-0.50,-0.54,-0.58,-0.62,-0.66,-0.70,-0.75,-0.80,-0.86,-0.94,-1.03,-1.15,-1.28,-1.43,-1.58,-1.70,-1.79,-1.83,-1.82,-1.76,-1.65,-1.50,-1.31,-1.08,-0.83,-0.55,-0.26,0.05,0.37,0.68,1.00,1.32,1.63,1.93,2.21
-2.06,-1.63,-1.14,-0.62,-0.18,0.18,0.47,0.68,0.83,0.92,0.94,0.91,0.82,0.68,0.50,0.27,0.02,-0.27,-0.59,-0.92,-1.26,-1.61,-1.96,-2.29,-2.59,-2.86,-3.08,-3.24,-3.32,-3.30,-3.16,-2.89,-2.47,-1.90,-1.24,-0.66,-0.20,0.16,0.43,0.62,0.75,0.80,0.82,0.80,0.76,0.69,0.61,0.52,0.41,0.31,0.21,0.12,0.05,-0.01,-0.05,-0.08,-0.11,-0.14,-0.17,-0.20,-0.25,-0.29,-0.33,-0.37,-0.41,-0.44,-0.47,-0.49,-0.52,-0.55,-0.59,-0.64,-0.70,-0.79,-0.89,-1.03,-1.19,-1.36,-1.53,-1.67,-1.77,-1.81,-1.80,-1.73,-1.61,-1.45,-1.25,-1.01,-0.75,-0.47,-0.17,0.14,0.46,0.77,1.09,1.40,1.70,1.99,2.25,2.50
-0.74,-0.25,0.18,0.53,0.82,1.04,1.20,1.29,1.32,1.30,1.23,1.11,0.94,0.74,0.50,0.23,-0.07,-0.38,-0.71,-1.05,-1.38,-1.71,-2.03,-2.31,-2.56,-2.76,-2.89,-2.94,-2.90,-2.74,-2.47,-2.06,-1.52,-0.94,-0.46,-0.07,0.23,0.44,0.59,0.68,0.72,0.72,0.70,0.64,0.57,0.51,0.43,0.36,0.28,0.20,0.12,0.05,0.00,-0.03,-0.05,-0.08,-0.10,-0.13,-0.16,-0.19,-0.23,-0.26,-0.28,-0.30,-0.32,-0.33,-0.35,-0.36,-0.39,-0.42,-0.47,-0.54,-0.64,-0.77,-0.93,-1.12,-1.32,-1.51,-1.67,-1.77,-1.81,-1.80,-1.72,-1.59,-1.42,-1.21,-0.96,-0.69,-0.40,-0.10,0.21,0.53,0.84,1.15,1.46,1.75,2.02,2.27,2.50,2.70
0.51,0.86,1.15,1.37,1.53,1.63,1.67,1.66,1.60,1.49,1.34,1.15,0.93,0.67,0.39,0.09,-0.23,-0.55,-0.88,-1.21,-1.53,-1.82,-2.09,-2.31,-2.49,-2.59,-2.62,-2.56,-2.39,-2.11,-1.72,-1.22,-0.73,-0.32,0.00,0.25,0.42,0.53,0.59,0.61,0.60,0.57,0.52,0.46,0.40,0.34,0.28,0.22,0.17,0.11,0.05,0.01,-0.01,-0.03,-0.05,-0.07,-0.09,-0.12,-0.14,-0.16,-0.18,-0.19,-0.19,-0.19,-0.19,-0.19,-0.20,-0.22,-0.25,-0.31,-0.39,-0.51,-0.66,-0.85,-1.08,-1.32,-1.54,-1.71,-1.81,-1.85,-1.82,-1.74,-1.60,-1.41,-1.19,-0.93,-0.66,-0.36,-0.05,0.26,0.58,0.89,1.20,1.49,1.77,2.03,2.26,2.47,2.65,2.79
1.44,1.66,1.83,1.93,1.98,1.98,1.93,1.83,1.69,1.52,1.30,1.06,0.79,0.50,0.20,-0.12,-0.44,-0.77,-1.08,-1.39,-1.67,-1.91,-2.12,-2.27,-2.36,-2.37,-2.29,-2.11,-1.83,-1.45,-1.01,-0.60,-0.26,0.01,0.21,0.34,0.43,0.47,0.48,0.46,0.43,0.38,0.33,0.28,0.23,0.18,0.14,0.11,0.08,0.05,0.01,-0.01,-0.02,-0.03,-0.04,-0.06,-0.07,-0.08,-0.08,-0.08,-0.07,-0.06,-0.05,-0.03,-0.03,-0.03,-0.04,-0.08,-0.15,-0.25,-0.39,-0.58,-0.81,-1.09,-1.37,-1.61,-1.78,-1.89,-1.92,-1.88,-1.78,-1.63,-1.43,-1.19,-0.93,-0.64,-0.34,-0.03,0.29,0.61,0.92,1.21,1.50,1.76,2.01,2.22,2.40,2.55,2.66,2.73
2.09,2.20,2.26,2.27,2.23,2.14,2.01,1.84,1.64,1.41,1.15,0.87,0.57,0.26,-0.06,-0.38,-0.69,-1.00,-1.29,-1.55,-1.78,-1.97,-2.10,-2.17,-2.16,-2.07,-1.89,-1.62,-1.26,-0.88,-0.54,-0.25,-0.04,0.12,0.23,0.29,0.32,0.32,0.30,0.27,0.23,0.19,0.16,0.12,0.09,0.06,0.05,0.03,0.02,0.01,-0.00,-0.00,-0.01,-0.01,-0.01,-0.01,-0.00,0.01,0.03,0.06,0.08,0.11,0.13,0.15,0.15,0.13,0.08,-0.00,-0.13,-0.30,-0.53,-0.82,-1.15,-1.46,-1.72,-1.90,-2.00,-2.02,-1.97,-1.86,-1.69,-1.47,-1.22,-0.95,-0.65,-0.34,-0.03,0.29,0.61,0.91,1.20,1.47,1.72,1.95,2.14,2.30,2.42,2.49,2.53,2.51
2.51,2.53,2.49,2.42,2.30,2.14,1.95,1.72,1.47,1.20,0.91,0.61,0.29,-0.03,-0.34,-0.65,-0.95,-1.22,-1.47,-1.69,-1.86,-1.97,-2.02,-2.00,-1.90,-1.72,-1.46,-1.15,-0.82,-0.53,-0.30,-0.13,-0.00,0.08,0.13,0.15,0.15,0.13,0.11,0.08,0.06,0.03,0.01,-0.00,-0.01,-0.01,-0.01,-0.01,-0.00,-0.00,0.01,0.02,0.03,0.05,0.06,0.09,0.12,0.16,0.19,0.23,0.27,0.30,0.32,0.32,0.29,0.23,0.12,-0.04,-0.25,-0.54,-0.88,-1.26,-1.62,-1.89,-2.07,-2.16,-2.17,-2.10,-1.97,-1.78,-1.55,-1.29,-1.00,-0.69,-0.38,-0.06,0.26,0.57,0.87,1.15,1.41,1.64,1.84,2.01,2.14,2.23,2.27,2.26,2.20,2.09
2.73,2.66,2.55,2.40,2.22,2.01,1.76,1.50,1.21,0.92,0.61,0.29,-0.03,-0.34,-0.64,-0.93,-1.19,-1.43,-1.63,-1.78,-1.88,-1.92,-1.89,-1.78,-1.61,-1.37,-1.09,-0.81,-0.58,-0.39,-0.25,-0.15,-0.08,-0.04,-0.03,-0.03,-0.03,-0.05,-0.06,-0.07,-0.08,-0.08,-0.08,-0.07,-0.06,-0.04,-0.03,-0.02,-0.01,0.01,0.05,0.08,0.11,0.14,0.18,0.23,0.28,0.33,0.38,0.43,0.46,0.48,0.47,0.43,0.34,0.21,0.01,-0.26,-0.60,-1.01,-1.45,-1.83,-2.11,-2.29,-2.37,-2.36,-2.27,-2.12,-1.91,-1.67,-1.39,-1.08,-0.77,-0.44,-0.12,0.20,0.50,0.79,1.06,1.30,1.52,1.69,1.83,1.93,1.98,1.98,1.93,1.83,1.66,1.44
2.79,2.65,2.47,2.26,2.03,1.77,1.49,1.20,0.89,0.58,0.26,-0.05,-0.36,-0.66,-0.93,-1.19,-1.41,-1.60,-1.74,-1.82,-1.85,-1.81,-1.71,-1.54,-1.32,-1.08,-0.85,-0.66,-0.51,-0.39,-0.31,-0.25,-0.22,-0.20,-0.19,-0.19,-0.19,-0.19,-0.19,-0.18,-0.16,-0.14,-0.12,-0.09,-0.07,-0.05,-0.03,-0.01,0.01,0.05,0.11,0.17,0.22,0.28,0.34,0.40,0.46,0.52,0.57,0.60,0.61,0.59,0.53,0.42,0.25,0.00,-0.32,-0.73,-1.22,-1.72,-2.11,-2.39,-2.56,-2.62,-2.59,-2.49,-2.31,-2.09,-1.82,-1.53,-1.21,-0.88,-0.55,-0.23,0.09,0.39,0.67,0.93,1.15,1.34,1.49,1.60,1.66,1.67,1.63,1.53,1.37,1.15,0.86,0.51
2.70,2.50,2.27,2.02,1.75,1.46,1.15,0.84,0.53,0.21,-0.10,-0.40,-0.69,-0.96,-1.21,-1.42,-1.59,-1.72,-1.80,-1.81,-1.77,-1.67,-1.51,-1.32,-1.12,-0.93,-0.77,-0.64,-0.54,-0.47,-0.42,-0.39,-0.36,-0.35,-0.33,-0.32,-0.30,-0.28,-0.26,-0.23,-0.19,-0.16,-0.13,-0.10,-0.08,-0.05,-0.03,0.00,0.05,0.12,0.20,0.28,0.36,0.43,0.51,0.57,0.64,0.70,0.72,0.72,0.68,0.59,0.44,0.23,-0.07,-0.46,-0.94,-1.52,-2.06,-2.47,-2.74,-2.90,-2.94,-2.89,-2.76,-2.56,-2.31,-2.03,-1.71,-1.38,-1.05,-0.71,-0.38,-0.07,0.23,0.50,0.74,0.94,1.11,1.23,1.30,1.32,1.29,1.20,1.04,0.82,0.53,0.18,-0.25,-0.74
2.50,2.25,1.99,1.70,1.40,1.09,0.77,0.46,0.14,-0.17,-0.47,-0.75,-1.01,-1.25,-1.45,-1.61,-1.73,-1.80,-1.81,-1.77,-1.67,-1.53,-1.36,-1.19,-1.03,-0.89,-0.79,-0.70,-0.64,-0.59,-0.55,-0.52,-0.49,-0.47,-0.44,-0.41,-0.37,-0.33,-0.29,-0.25,-0.20,-0.17,-0.14,-0.11,-0.08,-0.05,-0.01,0.05,0.12,0.21,0.31,0.41,0.52,0.61,0.69,0.76,0.80,0.82,0.80,0.75,0.62,0.43,0.16,-0.20,-0.66,-1.24,-1.90,-2.47,-2.89,-3.16,-3.30,-3.32,-3.24,-3.08,-2.86,-2.59,-2.29,-1.96,-1.61,-1.26,-0.92,-0.59,-0.27,0.02,0.27,0.50,0.68,0.82,0.91,0.94,0.92,0.83,0.68,0.47,0.18,-0.18,-0.62,-1.14,-1.63,-2.06
2.21,1.93,1.63,1.32,1.00,0.68,0.37,0.05,-0.26,-0.55,-0.83,-1.08,-1.31,-1.50,-1.65,-1.76,-1.82,-1.83,-1.79,-1.70,-1.58,-1.43,-1.28,-1.15,-1.03,-0.94,-0.86,-0.80,-0.75,-0.70,-0.66,-0.62,-0.58,-0.54,-0.50,-0.45,-0.40,-0.35,-0.30,-0.25,-0.22,-0.18,-0.15,-0.11,-0.07,-0.02,0.04,0.11,0.21,0.32,0.45,0.57,0.69,0.79,0.87,0.92,0.94,0.90,0.81,0.65,0.41,0.07,-0.37,-0.92,-1.59,-2.34,-2.94,-3.37,-3.63,-3.76,-3.76,-3.66,-3.47,-3.23,-2.93,-2.60,-2.26,-1.90,-1.54,-1.18,-0.85,-0.54,-0.26,-0.01,0.19,0.35,0.46,0.52,0.51,0.44,0.30,0.09,-0.20,-0.57,-1.01,-1.55,-2.09,-2.55,-2.94,-3.26
1.85,1.54,1.22,0.90,0.58,0.26,-0.06,-0.36,-0.65,-0.92,-1.17,-1.39,-1.57,-1.72,-1.82,-1.88,-1.89,-1.85,-1.77,-1.66,-1.53,-1.40,-1.29,-1.19,-1.10,-1.02,-0.96,-0.90,-0.85,-0.80,-0.75,-0.70,-0.64,-0.59,-0.53,-0.47,-0.41,-0.36,-0.31,-0.27,-0.23,-0.19,-0.15,-0.10,-0.04,0.02,0.11,0.21,0.33,0.46,0.60,0.74,0.87,0.97,1.04,1.06,1.03,0.92,0.74,0.46,0.06,-0.47,-1.14,-1.97,-2.81,-3.44,-3.89,-4.15,-4.27,-4.25,-4.13,-3.92,-3.65,-3.33,-2.98,-2.62,-2.24,-1.87,-1.51,-1.17,-0.86,-0.59,-0.36,-0.17,-0.03,0.04,0.06,0.01,-0.12,-0.32,-0.60,-0.96,-1.41,-1.96,-2.55,-3.05,-3.47,-3.81,-4.10,-4.32
1.43,1.11,0.78,0.46,0.14,-0.18,-0.48,-0.77,-1.03,-1.27,-1.49,-1.67,-1.81,-1.91,-1.96,-1.97,-1.93,-1.86,-1.76,-1.65,-1.54,-1.44,-1.34,-1.26,-1.18,-1.12,-1.05,-0.99,-0.93,-0.87,-0.81,-0.74,-0.67,-0.61,-0.54,-0.48,-0.43,-0.38,-0.33,-0.29,-0.24,-0.19,-0.13,-0.07,0.00,0.09,0.20,0.33,0.47,0.62,0.77,0.92,1.04,1.13,1.17,1.15,1.05,0.86,0.55,0.12,-0.45,-1.18,-2.10,-3.05,-3.83,-4.40,-4.69,-4.81,-4.78,-4.65,-4.42,-4.13,-3.79,-3.42,-3.04,-2.65,-2.26,-1.90,-1.56,-1.25,-0.98,-0.76,-0.59,-0.48,-0.44,-0.46,-0.56,-0.74,-1.01,-1.36,-1.81,-2.37,-2.99,-3.54,-4.00,-4.37,-4.67,-4.92,-5.11,-5.25
0.98,0.65,0.32,0.00,-0.31,-0.61,-0.90,-1.16,-1.40,-1.61,-1.78,-1.92,-2.02,-2.07,-2.08,-2.05,-1.98,-1.90,-1.80,-1.70,-1.60,-1.51,-1.42,-1.35,-1.27,-1.20,-1.13,-1.06,-0.99,-0.91,-0.84,-0.77,-0.70,-0.63,-0.56,-0.51,-0.45,-0.40,-0.35,-0.30,-0.23,-0.16,-0.09,-0.02,0.08,0.19,0.32,0.46,0.62,0.79,0.95,1.09,1.20,1.27,1.26,1.17,0.98,0.68,0.23,-0.37,-1.14,-2.10,-3.08,-3.88,-4.50,-4.94,-5.20,-5.30,-5.19,-4.96,-4.65,-4.30,-3.91,-3.51,-3.11,-2.71,-2.34,-2.00,-1.69,-1.43,-1.22,-1.08,-0.99,-0.98,-1.05,-1.20,-1.43,-1.77,-2.21,-2.75,-3.40,-4.01,-4.50,-4.91,-5.24,-5.50,-5.70,-5.86,-5.97,-6.05
0.51,0.18,-0.15,-0.46,-0.77,-1.05,-1.31,-1.55,-1.75,-1.92,-2.06,-2.15,-2.20,-2.21,-2.19,-2.13,-2.05,-1.96,-1.87,-1.77,-1.68,-1.59,-1.51,-1.43,-1.35,-1.27,-1.19,-1.11,-1.03,-0.94,-0.87,-0.79,-0.72,-0.65,-0.59,-0.53,-0.47,-0.42,-0.35,-0.28,-0.21,-0.13,-0.04,0.06,0.17,0.31,0.46,0.62,0.79,0.97,1.12,1.25,1.34,1.35,1.28,1.11,0.81,0.37,-0.24,-1.04,-2.01,-3.00,-3.83,-4.48,-4.96,-5.26,-5.41,-5.44,-5.34,-5.15,-4.83,-4.44,-4.03,-3.62,-3.21,-2.83,-2.49,-2.18,-1.93,-1.74,-1.61,-1.55,-1.57,-1.68,-1.88,-2.18,-2.59,-3.12,-3.76,-4.43,-4.98,-5.42,-5.78,-6.07,-6.29,-6.45,-6.57,-6.65,-6.70,-6.72
0.01,-0.31,-0.63,-0.93,-1.21,-1.48,-1.71,-1.91,-2.08,-2.22,-2.31,-2.36,-2.37,-2.35,-2.30,-2.22,-2.14,-2.05,-1.95,-1.86,-1.77,-1.68,-1.59,-1.50,-1.41,-1.32,-1.23,-1.14,-1.05,-0.97,-0.89,-0.81,-0.74,-0.68,-0.61,-0.55,-0.48,-0.41,-0.33,-0.25,-0.16,-0.07,0.03,0.15,0.29,0.45,0.61,0.79,0.97,1.14,1.28,1.39,1.42,1.38,1.23,0.95,0.52,-0.09,-0.88,-1.87,-2.86,-3.71,-4.38,-4.88,-5.22,-5.42,-5.48,-5.44,-5.31,-5.10,-4.83,-4.52,-4.15,-3.75,-3.37,-3.02,-2.72,-2.47,-2.29,-2.18,-2.15,-2.20,-2.35,-2.60,-2.97,-3.45,-4.07,-4.78,-5.39,-5.88,-6.28,-6.59,-6.83,-7.02,-7.15,-7.23,-7.28,-7.30,-7.29,-7.26
-0.49,-0.81,-1.11,-1.40,-1.66,-1.89,-2.10,-2.27,-2.40,-2.49,-2.54,-2.56,-2.53,-2.48,-2.41,-2.33,-2.24,-2.14,-2.04,-1.94,-1.85,-1.75,-1.65,-1.55,-1.46,-1.36,-1.26,-1.17,-1.08,-1.00,-0.92,-0.84,-0.77,-0.70,-0.63,-0.56,-0.48,-0.39,-0.30,-0.20,-0.10,0.00,0.13,0.28,0.43,0.60,0.78,0.97,1.14,1.30,1.42,1.48,1.46,1.33,1.08,0.67,0.08,-0.70,-1.67,-2.66,-3.52,-4.21,-4.75,-5.12,-5.35,-5.46,-5.46,-5.37,-5.20,-4.99,-4.73,-4.45,-4.16,-3.87,-3.57,-3.28,-3.04,-2.87,-2.78,-2.77,-2.86,-3.04,-3.35,-3.78,-4.34,-5.04,-5.72,-6.28,-6.72,-7.07,-7.33,-7.54,-7.68,-7.77,-7.83,-7.85,-7.84,-7.81,-7.75,-7.69
-1.00,-1.31,-1.60,-1.86,-2.10,-2.30,-2.47,-2.60,-2.69,-2.74,-2.76,-2.74,-2.69,-2.62,-2.53,-2.44,-2.33,-2.23,-2.13,-2.02,-1.91,-1.81,-1.70,-1.60,-1.49,-1.39,-1.29,-1.20,-1.11,-1.03,-0.95,-0.87,-0.79,-0.72,-0.63,-0.55,-0.45,-0.35,-0.25,-0.14,-0.03,0.10,0.25,0.42,0.59,0.77,0.96,1.14,1.30,1.43,1.51,1.51,1.42,1.19,0.81,0.26,-0.50,-1.44,-2.42,-3.28,-4.00,-4.55,-4.96,-5.22,-5.37,-5.41,-5.36,-5.24,-5.07,-4.86,-4.62,-4.37,-4.13,-3.91,-3.72,-3.56,-3.46,-3.39,-3.40,-3.52,-3.74,-4.10,-4.58,-5.22,-5.96,-6.58,-7.08,-7.47,-7.77,-8.00,-8.16,-8.27,-8.33,-8.36,-8.35,-8.31,-8.26,-8.18,-8.09,-7.99
-1.52,-1.81,-2.08,-2.31,-2.52,-2.69,-2.82,-2.91,-2.96,-2.98,-2.96,-2.91,-2.83,-2.74,-2.64,-2.54,-2.43,-2.31,-2.20,-2.08,-1.97,-1.85,-1.74,-1.63,-1.53,-1.42,-1.33,-1.23,-1.14,-1.06,-0.97,-0.89,-0.80,-0.72,-0.62,-0.52,-0.41,-0.30,-0.18,-0.06,0.07,0.23,0.40,0.57,0.76,0.95,1.13,1.30,1.44,1.53,1.56,1.48,1.29,0.95,0.43,-0.29,-1.19,-2.15,-3.01,-3.74,-4.32,-4.75,-5.05,-5.24,-5.31,-5.31,-5.23,-5.09,-4.92,-4.72,-4.52,-4.32,-4.13,-3.98,-3.88,-3.83,-3.85,-3.95,-4.15,-4.43,-4.83,-5.37,-6.07,-6.78,-7.35,-7.79,-8.14,-8.39,-8.58,-8.70,-8.78,-8.81,-8.81,-8.77,-8.71,-8.63,-8.53,-8.42,-8.30,-8.17
-2.03,-2.31,-2.55,-2.75,-2.92,-3.06,-3.15,-3.20,-3.21,-3.19,-3.14,-3.06,-2.97,-2.86,-2.75,-2.63,-2.50,-2.38,-2.26,-2.13,-2.01,-1.89,-1.78,-1.67,-1.56,-1.46,-1.36,-1.26,-1.17,-1.08,-0.99,-0.90,-0.80,-0.69,-0.59,-0.47,-0.35,-0.23,-0.10,0.04,0.20,0.37,0.55,0.74,0.93,1.12,1.29,1.44,1.55,1.59,1.54,1.38,1.07,0.59,-0.08,-0.93,-1.86,-2.72,-3.46,-4.06,-4.52,-4.85,-5.07,-5.18,-5.21,-5.17,-5.08,-4.94,-4.78,-4.61,-4.44,-4.29,-4.18,-4.10,-4.09,-4.15,-4.29,-4.54,-4.91,-5.41,-6.06,-6.85,-7.50,-8.02,-8.41,-8.71,-8.92,-9.07,-9.16,-9.20,-9.20,-9.17,-9.11,-9.03,-8.93,-8.81,-8.68,-8.54,-8.40,-8.25
-2.55,-2.79,-3.00,-3.17,-3.31,-3.40,-3.45,-3.46,-3.43,-3.38,-3.29,-3.20,-3.08,-2.96,-2.83,-2.70,-2.57,-2.44,-2.31,-2.18,-2.05,-1.93,-1.81,-1.70,-1.59,-1.49,-1.39,-1.29,-1.19,-1.09,-0.99,-0.89,-0.78,-0.66,-0.54,-0.41,-0.28,-0.14,0.01,0.17,0.34,0.53,0.72,0.92,1.11,1.28,1.44,1.55,1.60,1.58,1.45,1.18,0.75,0.13,-0.67,-1.57,-2.42,-3.16,-3.77,-4.26,-4.62,-4.87,-5.02,-5.09,-5.08,-5.03,-4.93,-4.80,-4.66,-4.53,-4.41,-4.32,-4.27,-4.28,-4.36,-4.53,-4.81,-5.21,-5.75,-6.45,-7.26,-7.95,-8.50,-8.93,-9.19,-9.36,-9.47,-9.53,-9.54,-9.51,-9.45,-9.37,-9.27,-9.14,-9.01,-8.86,-8.71,-8.55,-8.39,-8.24
-3.05,-3.26,-3.43,-3.57,-3.66,-3.71,-3.71,-3.69,-3.62,-3.54,-3.43,-3.31,-3.18,-3.04,-2.90,-2.76,-2.62,-2.48,-2.35,-2.21,-2.09,-1.96,-1.84,-1.73,-1.62,-1.51,-1.41,-1.30,-1.20,-1.09,-0.98,-0.86,-0.74,-0.61,-0.47,-0.33,-0.19,-0.03,0.13,0.31,0.51,0.70,0.90,1.09,1.27,1.43,1.55,1.62,1.61,1.51,1.28,0.89,0.33,-0.42,-1.27,-2.11,-2.85,-3.48,-3.99,-4.37,-4.66,-4.84,-4.94,-4.97,-4.95,-4.89,-4.79,-4.69,-4.58,-4.48,-4.42,-4.39,-4.42,-4.52,-4.71,-5.00,-5.41,-5.97,-6.70,-7.48,-8.13,-8.65,-9.06,-9.37,-9.60,-9.76,-9.82,-9.80,-9.74,-9.66,-9.55,-9.42,-9.28,-9.12,-8.96,-8.79,-8.62,-8.45,-8.29,-8.13
-3.52,-3.70,-3.83,-3.92,-3.97,-3.98,-3.94,-3.88,-3.79,-3.67,-3.54,-3.40,-3.26,-3.11,-2.96,-2.81,-2.66,-2.52,-2.38,-2.25,-2.12,-1.99,-1.87,-1.76,-1.64,-1.53,-1.42,-1.31,-1.19,-1.07,-0.95,-0.82,-0.68,-0.54,-0.39,-0.24,-0.07,0.10,0.28,0.48,0.68,0.88,1.08,1.26,1.42,1.54,1.62,1.63,1.56,1.36,1.02,0.51,-0.17,-0.98,-1.80,-2.54,-3.18,-3.70,-4.12,-4.43,-4.65,-4.78,-4.85,-4.86,-4.82,-4.76,-4.68,-4.60,-4.53,-4.48,-4.47,-4.52,-4.63,-4.82,-5.12,-5.54,-6.10,-6.83,-7.57,-8.17,-8.66,-9.05,-9.35,-9.57,-9.72,-9.82,-9.85,-9.84,-9.78,-9.65,-9.50,-9.34,-9.16,-8.99,-8.80,-8.62,-8.44,-8.26,-8.10,-7.94
-3.97,-4.10,-4.19,-4.24,-4.24,-4.21,-4.14,-4.04,-3.92,-3.78,-3.63,-3.48,-3.32,-3.16,-3.00,-2.85,-2.70,-2.55,-2.41,-2.27,-2.14,-2.02,-1.90,-1.78,-1.66,-1.54,-1.42,-1.30,-1.17,-1.04,-0.90,-0.76,-0.61,-0.46,-0.29,-0.12,0.06,0.25,0.45,0.66,0.86,1.06,1.24,1.41,1.54,1.63,1.65,1.60,1.43,1.14,0.68,0.06,-0.70,-1.49,-2.23,-2.88,-3.42,-3.86,-4.20,-4.44,-4.61,-4.71,-4.75,-4.75,-4.72,-4.67,-4.61,-4.56,-4.53,-4.53,-4.58,-4.70,-4.90,-5.19,-5.60,-6.16,-6.87,-7.56,-8.12,-8.58,-8.94,-9.23,-9.43,-9.58,-9.67,-9.71,-9.70,-9.66,-9.58,-9.46,-9.32,-9.14,-8.94,-8.74,-8.55,-8.35,-8.17,-7.99,-7.83,-7.68
-4.38,-4.47,-4.51,-4.51,-4.48,-4.40,-4.30,-4.17,-4.02,-3.87,-3.70,-3.53,-3.36,-3.20,-3.03,-2.88,-2.72,-2.58,-2.44,-2.30,-2.17,-2.04,-1.92,-1.79,-1.67,-1.54,-1.41,-1.28,-1.14,-0.99,-0.84,-0.69,-0.52,-0.35,-0.17,0.02,0.21,0.41,0.63,0.85,1.05,1.23,1.40,1.53,1.63,1.67,1.63,1.50,1.24,0.84,0.28,-0.43,-1.19,-1.92,-2.57,-3.13,-3.59,-3.96,-4.24,-4.44,-4.57,-4.64,-4.67,-4.67,-4.64,-4.61,-4.57,-4.56,-4.57,-4.63,-4.75,-4.94,-5.23,-5.62,-6.16,-6.84,-7.47,-8.00,-8.43,-8.77,-9.03,-9.22,-9.36,-9.44,-9.48,-9.47,-9.43,-9.36,-9.26,-9.13,-8.97,-8.80,-8.62,-8.41,-8.21,-8.01,-7.82,-7.65,-7.50,-7.36
-4.74,-4.78,-4.78,-4.74,-4.66,-4.56,-4.42,-4.27,-4.10,-3.92,-3.75,-3.57,-3.39,-3.23,-3.06,-2.90,-2.75,-2.60,-2.46,-2.32,-2.19,-2.06,-1.93,-1.80,-1.66,-1.53,-1.39,-1.24,-1.09,-0.93,-0.77,-0.60,-0.42,-0.23,-0.03,0.17,0.38,0.60,0.83,1.03,1.22,1.39,1.53,1.63,1.68,1.66,1.55,1.33,0.98,0.48,-0.17,-0.89,-1.61,-2.27,-2.84,-3.33,-3.72,-4.03,-4.26,-4.42,-4.53,-4.59,-4.61,-4.61,-4.60,-4.58,-4.58,-4.61,-4.67,-4.79,-4.97,-5.24,-5.61,-6.12,-6.75,-7.34,-7.83,-8.23,-8.54,-8.78,-8.96,-9.09,-9.16,-9.19,-9.19,-9.14,-9.07,-8.97,-8.85,-8.71,-8.55,-8.37,-8.19,-7.99,-7.80,-7.59,-7.41,-7.25,-7.11,-6.99
-5.05,-5.05,-5.01,-4.93,-4.81,-4.68,-4.51,-4.33,-4.15,-3.96,-3.78,-3.60,-3.42,-3.25,-3.09,-2.93,-2.78,-2.63,-2.48,-2.34,-2.21,-2.07,-1.93,-1.79,-1.65,-1.50,-1.35,-1.19,-1.02,-0.85,-0.67,-0.48,-0.29,-0.08,0.13,0.35,0.57,0.80,1.02,1.21,1.39,1.53,1.64,1.70,1.69,1.61,1.42,1.11,0.66,0.07,-0.61,-1.31,-1.97,-2.56,-3.06,-3.48,-3.82,-4.08,-4.27,-4.41,-4.50,-4.55,-4.58,-4.59,-4.59,-4.61,-4.64,-4.70,-4.82,-4.99,-5.24,-5.59,-6.06,-6.64,-7.18,-7.63,-7.99,-8.28,-8.50,-8.66,-8.77,-8.84,-8.86,-8.85,-8.81,-8.74,-8.64,-8.52,-8.38,-8.23,-8.06,-7.88,-7.70,-7.51,-7.33,-7.13,-6.95,-6.80,-6.67,-6.57
-5.31,-5.27,-5.19,-5.07,-4.91,-4.74,-4.56,-4.37,-4.18,-3.99,-3.80,-3.62,-3.44,-3.27,-3.11,-2.95,-2.80,-2.65,-2.50,-2.36,-2.21,-2.07,-1.92,-1.77,-1.62,-1.46,-1.29,-1.12,-0.94,-0.75,-0.56,-0.35,-0.14,0.08,0.31,0.54,0.77,1.00,1.21,1.39,1.54,1.65,1.71,1.72,1.65,1.50,1.23,0.83,0.30,-0.34,-1.02,-1.67,-2.27,-2.80,-3.24,-3.61,-3.90,-4.13,-4.30,-4.42,-4.50,-4.55,-4.58,-4.61,-4.63,-4.68,-4.74,-4.85,-5.01,-5.25,-5.57,-5.99,-6.52,-7.01,-7.41,-7.74,-7.99,-8.19,-8.33,-8.43,-8.49,-8.50,-8.49,-8.44,-8.37,-8.27,-8.16,-8.02,-7.87,-7.71,-7.53,-7.35,-7.17,-6.98,-6.81,-6.62,-6.45,-6.31,-6.20,-6.12
-5.52,-5.43,-5.30,-5.15,-4.98,-4.79,-4.60,-4.40,-4.21,-4.01,-3.83,-3.64,-3.47,-3.30,-3.13,-2.97,-2.82,-2.67,-2.51,-2.36,-2.21,-2.06,-1.90,-1.74,-1.57,-1.40,-1.22,-1.03,-0.84,-0.64,-0.42,-0.20,0.03,0.27,0.51,0.74,0.98,1.20,1.39,1.54,1.66,1.73,1.75,1.70,1.57,1.34,0.99,0.51,-0.08,-0.73,-1.38,-1.99,-2.53,-3.00,-3.40,-3.72,-3.98,-4.18,-4.34,-4.45,-4.52,-4.58,-4.63,-4.67,-4.72,-4.79,-4.90,-5.05,-5.26,-5.55,-5.94,-6.41,-6.84,-7.20,-7.49,-7.71,-7.88,-8.00,-8.08,-8.12,-8.12,-8.10,-8.05,-7.97,-7.88,-7.76,-7.63,-7.48,-7.32,-7.15,-6.97,-6.79,-6.61,-6.41,-6.22,-6.05,-5.90,-5.78,-5.70,-5.65
-5.66,-5.53,-5.38,-5.21,-5.02,-4.83,-4.63,-4.43,-4.23,-4.04,-3.85,-3.67,-3.49,-3.32,-3.15,-2.99,-2.83,-2.68,-2.52,-2.36,-2.20,-2.04,-1.87,-1.69,-1.51,-1.33,-1.13,-0.93,-0.72,-0.49,-0.26,-0.02,0.23,0.47,0.72,0.96,1.20,1.40,1.56,1.68,1.76,1.79,1.76,1.65,1.44,1.13,0.71,0.17,-0.45,-1.09,-1.70,-2.26,-2.76,-3.18,-3.54,-3.84,-4.07,-4.26,-4.40,-4.50,-4.59,-4.65,-4.71,-4.78,-4.86,-4.96,-5.11,-5.30,-5.56,-5.91,-6.32,-6.70,-7.01,-7.25,-7.44,-7.57,-7.67,-7.72,-7.74,-7.74,-7.70,-7.64,-7.56,-7.46,-7.34,-7.21,-7.06,-6.90,-6.73,-6.56,-6.38,-6.19,-5.98,-5.78,-5.60,-5.45,-5.32,-5.22,-5.16,-5.15
-5.75,-5.60,-5.43,-5.25,-5.05,-4.85,-4.65,-4.45,-4.25,-4.06,-3.87,-3.69,-3.51,-3.34,-3.17,-3.01,-2.85,-2.68,-2.52,-2.35,-2.18,-2.00,-1.82,-1.63,-1.44,-1.24,-1.03,-0.80,-0.57,-0.33,-0.08,0.18,0.44,0.69,0.94,1.18,1.41,1.58,1.71,1.80,1.83,1.81,1.72,1.54,1.27,0.89,0.40,-0.18,-0.80,-1.42,-1.99,-2.51,-2.97,-3.36,-3.69,-3.96,-4.18,-4.35,-4.49,-4.60,-4.69,-4.77,-4.85,-4.94,-5.05,-5.19,-5.37,-5.61,-5.91,-6.27,-6.59,-6.85,-7.04,-7.19,-7.29,-7.36,-7.38,-7.38,-7.35,-7.30,-7.23,-7.14,-7.03,-6.91,-6.77,-6.62,-6.46,-6.30,-6.12,-5.94,-5.74,-5.52,-5.31,-5.13,-4.96,-4.82,-4.71,-4.63,-4.60,-4.62
-5.82,-5.66,-5.47,-5.28,-5.08,-4.87,-4.67,-4.47,-4.27,-4.08,-3.89,-3.71,-3.53,-3.36,-3.19,-3.02,-2.85,-2.68,-2.51,-2.33,-2.14,-1.95,-1.76,-1.56,-1.35,-1.13,-0.89,-0.65,-0.40,-0.14,0.12,0.39,0.66,0.92,1.17,1.40,1.60,1.74,1.84,1.89,1.88,1.80,1.65,1.41,1.06,0.62,0.08,-0.52,-1.13,-1.72,-2.26,-2.74,-3.17,-3.53,-3.84,-4.10,-4.31,-4.48,-4.62,-4.73,-4.84,-4.94,-5.04,-5.16,-5.30,-5.47,-5.69,-5.96,-6.26,-6.52,-6.73,-6.88,-6.99,-7.05,-7.07,-7.07,-7.04,-6.99,-6.92,-6.83,-6.72,-6.60,-6.47,-6.32,-6.17,-6.01,-5.84,-5.67,-5.49,-5.27,-5.04,-4.83,-4.63,-4.46,-4.30,-4.18,-4.08,-4.03,-4.02,-4.08
-5.87,-5.69,-5.50,-5.30,-5.10,-4.89,-4.69,-4.49,-4.29,-4.10,-3.91,-3.73,-3.55,-3.38,-3.20,-3.03,-2.85,-2.67,-2.48,-2.29,-2.09,-1.89,-1.68,-1.46,-1.23,-0.99,-0.74,-0.48,-0.21,0.07,0.35,0.63,0.90,1.16,1.40,1.62,1.78,1.89,1.94,1.95,1.89,1.75,1.54,1.23,0.83,0.33,-0.24,-0.84,-1.44,-2.00,-2.51,-2.97,-3.37,-3.72,-4.01,-4.26,-4.46,-4.64,-4.79,-4.92,-5.04,-5.16,-5.29,-5.43,-5.60,-5.81,-6.05,-6.30,-6.51,-6.67,-6.77,-6.83,-6.85,-6.84,-6.80,-6.74,-6.65,-6.56,-6.44,-6.32,-6.18,-6.03,-5.88,-5.72,-5.55,-5.38,-5.20,-5.02,-4.79,-4.56,-4.34,-4.13,-3.94,-3.78,-3.64,-3.53,-3.45,-3.42,-3.45,-3.54
-5.91,-5.72,-5.52,-5.32,-5.11,-4.91,-4.71,-4.51,-4.31,-4.12,-3.94,-3.75,-3.57,-3.39,-3.21,-3.02,-2.83,-2.64,-2.44,-2.24,-2.03,-1.81,-1.58,-1.34,-1.09,-0.83,-0.56,-0.28,0.01,0.30,0.59,0.87,1.14,1.40,1.63,1.82,1.94,2.01,2.03,1.98,1.86,1.67,1.40,1.03,0.57,0.03,-0.55,-1.15,-1.73,-2.27,-2.76,-3.20,-3.58,-3.92,-4.20,-4.45,-4.66,-4.84,-5.00,-5.15,-5.30,-5.44,-5.60,-5.77,-5.97,-6.19,-6.39,-6.55,-6.66,-6.72,-6.73,-6.71,-6.66,-6.58,-6.48,-6.37,-6.23,-6.09,-5.94,-5.78,-5.62,-5.45,-5.27,-5.09,-4.91,-4.73,-4.54,-4.31,-4.07,-3.84,-3.63,-3.43,-3.26,-3.10,-2.98,-2.88,-2.83,-2.82,-2.87,-3.00
-5.93,-5.74,-5.54,-5.34,-5.13,-4.93,-4.73,-4.53,-4.34,-4.14,-3.96,-3.77,-3.58,-3.39,-3.20,-3.01,-2.81,-2.60,-2.39,-2.17,-1.94,-1.70,-1.46,-1.20,-0.93,-0.65,-0.36,-0.06,0.24,0.55,0.84,1.13,1.40,1.64,1.86,2.01,2.09,2.12,2.08,1.98,1.81,1.56,1.23,0.80,0.30,-0.27,-0.86,-1.45,-2.01,-2.53,-3.01,-3.43,-3.81,-4.14,-4.42,-4.67,-4.89,-5.09,-5.27,-5.45,-5.62,-5.79,-5.97,-6.17,-6.36,-6.53,-6.65,-6.71,-6.73,-6.70,-6.63,-6.54,-6.42,-6.28,-6.13,-5.96,-5.79,-5.61,-5.42,-5.23,-5.04,-4.84,-4.65,-4.45,-4.26,-4.06,-3.84,-3.59,-3.35,-3.13,-2.93,-2.74,-2.58,-2.43,-2.32,-2.24,-2.21,-2.22,-2.31,-2.48
-5.95,-5.75,-5.55,-5.35,-5.15,-4.95,-4.75,-4.55,-4.36,-4.16,-3.97,-3.78,-3.58,-3.39,-3.18,-2.98,-2.77,-2.55,-2.32,-2.08,-1.83,-1.58,-1.31,-1.03,-0.74,-0.44,-0.13,0.18,0.50,0.81,1.11,1.39,1.65,1.88,2.07,2.18,2.22,2.20,2.11,1.96,1.73,1.43,1.04,0.56,0.02,-0.56,-1.15,-1.74,-2.29,-2.80,-3.27,-3.68,-4.06,-4.39,-4.68,-4.94,-5.18,-5.40,-5.60,-5.80,-6.00,-6.20,-6.40,-6.58,-6.71,-6.80,-6.82,-6.80,-6.73,-6.62,-6.49,-6.33,-6.15,-5.96,-5.76,-5.54,-5.33,-5.11,-4.89,-4.67,-4.45,-4.23,-4.02,-3.81,-3.60,-3.39,-3.13,-2.88,-2.65,-2.44,-2.24,-2.06,-1.91,-1.78,-1.68,-1.61,-1.60,-1.64,-1.76,-1.98
-5.96,-5.77,-5.57,-5.36,-5.16,-4.96,-4.77,-4.57,-4.37,-4.18,-3.98,-3.78,-3.58,-3.37,-3.15,-2.93,-2.71,-2.47,-2.23,-1.97,-1.71,-1.43,-1.14,-0.84,-0.53,-0.21,0.12,0.45,0.77,1.09,1.39,1.66,1.91,2.12,2.27,2.33,2.32,2.26,2.12,1.91,1.63,1.27,0.83,0.31,-0.25,-0.85,-1.45,-2.03,-2.57,-3.08,-3.54,-3.96,-4.33,-4.67,-4.98,-5.26,-5.52,-5.76,-6.00,-6.23,-6.45,-6.65,-6.82,-6.93,-6.99,-6.98,-6.92,-6.82,-6.68,-6.51,-6.31,-6.09,-5.86,-5.61,-5.36,-5.11,-4.85,-4.60,-4.35,-4.10,-3.85,-3.61,-3.38,-3.15,-2.93,-2.68,-2.42,-2.18,-1.96,-1.75,-1.57,-1.40,-1.25,-1.14,-1.05,-1.00,-1.01,-1.08,-1.23,-1.50
-5.97,-5.77,-5.58,-5.38,-5.18,-4.98,-4.78,-4.58,-4.38,-4.18,-3.98,-3.77,-3.55,-3.33,-3.11,-2.87,-2.63,-2.38,-2.11,-1.84,-1.55,-1.25,-0.95,-0.62,-0.29,0.05,0.39,0.73,1.06,1.38,1.67,1.93,2.16,2.34,2.44,2.46,2.41,2.29,2.10,1.84,1.51,1.09,0.60,0.06,-0.53,-1.14,-1.74,-2.32,-2.86,-3.37,-3.83,-4.25,-4.64,-4.99,-5.32,-5.63,-5.92,-6.19,-6.46,-6.70,-6.92,-7.08,-7.18,-7.21,-7.19,-7.10,-6.97,-6.80,-6.59,-6.36,-6.10,-5.83,-5.55,-5.25,-4.96,-4.66,-4.37,-4.08,-3.80,-3.52,-3.26,-3.00,-2.75,-2.50,-2.26,-1.99,-1.74,-1.50,-1.29,-1.09,-0.91,-0.76,-0.62,-0.52,-0.44,-0.41,-0.44,-0.53,-0.73,-1.05
-5.97,-5.78,-5.58,-5.39,-5.19,-4.99,-4.79,-4.59,-4.38,-4.17,-3.96,-3.74,-3.52,-3.29,-3.04,-2.79,-2.53,-2.26,-1.98,-1.68,-1.37,-1.06,-0.72,-0.38,-0.03,0.33,0.68,1.03,1.36,1.67,1.95,2.20,2.40,2.56,2.60,2.57,2.47,2.31,2.06,1.75,1.36,0.90,0.37,-0.21,-0.81,-1.43,-2.04,-2.62,-3.16,-3.67,-4.15,-4.58,-4.99,-5.36,-5.72,-6.06,-6.38,-6.68,-6.96,-7.18,-7.35,-7.44,-7.47,-7.43,-7.32,-7.17,-6.98,-6.74,-6.48,-6.18,-5.88,-5.55,-5.22,-4.89,-4.55,-4.22,-3.89,-3.57,-3.25,-2.95,-2.66,-2.38,-2.11,-1.85,-1.59,-1.32,-1.07,-0.85,-0.64,-0.45,-0.28,-0.14,-0.01,0.08,0.14,0.16,0.11,-0.02,-0.26,-0.65
-5.97,-5.78,-5.59,-5.39,-5.19,-4.99,-4.79,-4.58,-4.37,-4.15,-3.93,-3.70,-3.46,-3.22,-2.96,-2.69,-2.41,-2.12,-1.82,-1.50,-1.17,-0.83,-0.48,-0.11,0.25,0.62,0.99,1.34,1.67,1.97,2.24,2.47,2.64,2.76,2.75,2.67,2.52,2.30,2.01,1.64,1.20,0.70,0.13,-0.47,-1.10,-1.73,-2.34,-2.93,-3.48,-4.01,-4.49,-4.95,-5.38,-5.78,-6.17,-6.54,-6.89,-7.19,-7.44,-7.62,-7.72,-7.74,-7.69,-7.58,-7.42,-7.20,-6.94,-6.65,-6.33,-5.99,-5.63,-5.26,-4.89,-4.51,-4.14,-3.77,-3.40,-3.05,-2.71,-2.39,-2.07,-1.77,-1.49,-1.21,-0.93,-0.67,-0.43,-0.21,-0.02,0.16,0.32,0.46,0.57,0.66,0.71,0.70,0.63,0.47,0.18,-0.29
-5.97,-5.78,-5.58,-5.39,-5.19,-4.98,-4.78,-4.56,-4.34,-4.12,-3.89,-3.64,-3.39,-3.13,-2.86,-2.57,-2.27,-1.96,-1.63,-1.29,-0.94,-0.58,-0.21,0.18,0.56,0.94,1.31,1.66,1.99,2.28,2.52,2.73,2.87,2.93,2.87,2.75,2.55,2.27,1.93,1.51,1.03,0.48,-0.11,-0.74,-1.39,-2.03,-2.66,-3.26,-3.82,-4.36,-4.87,-5.35,-5.82,-6.26,-6.68,-7.07,-7.41,-7.68,-7.88,-7.98,-8.01,-7.97,-7.86,-7.69,-7.47,-7.20,-6.89,-6.54,-6.17,-5.78,-5.38,-4.97,-4.55,-4.13,-3.72,-3.32,-2.92,-2.54,-2.18,-1.83,-1.49,-1.17,-0.87,-0.58,-0.30,-0.04,0.19,0.40,0.58,0.75,0.90,1.03,1.13,1.21,1.24,1.22,1.13,0.93,0.58,0.02
-5.96,-5.77,-5.57,-5.37,-5.17,-4.96,-4.75,-4.53,-4.30,-4.07,-3.82,-3.57,-3.30,-3.02,-2.73,-2.42,-2.10,-1.77,-1.42,-1.06,-0.69,-0.31,0.09,0.49,0.88,1.27,1.64,1.99,2.31,2.58,2.81,2.98,3.09,3.09,2.98,2.81,2.56,2.23,1.84,1.37,0.85,0.26,-0.37,-1.02,-1.69,-2.34,-2.99,-3.60,-4.19,-4.75,-5.29,-5.81,-6.30,-6.78,-7.21,-7.59,-7.90,-8.11,-8.24,-8.29,-8.25,-8.15,-7.99,-7.76,-7.49,-7.16,-6.80,-6.41,-6.00,-5.56,-5.12,-4.66,-4.20,-3.75,-3.31,-2.87,-2.45,-2.04,-1.65,-1.27,-0.92,-0.58,-0.26,0.04,0.31,0.56,0.78,0.98,1.16,1.31,1.45,1.57,1.67,1.73,1.75,1.71,1.59,1.34,0.93,0.25
-5.94,-5.75,-5.55,-5.35,-5.14,-4.93,-4.71,-4.48,-4.25,-4.00,-3.74,-3.47,-3.19,-2.89,-2.58,-2.25,-1.91,-1.56,-1.19,-0.81,-0.42,-0.01,0.40,0.82,1.22,1.61,1.98,2.32,2.62,2.88,3.08,3.23,3.30,3.23,3.08,2.85,2.55,2.17,1.73,1.22,0.65,0.03,-0.63,-1.31,-2.00,-2.67,-3.33,-3.97,-4.59,-5.18,-5.75,-6.30,-6.83,-7.31,-7.73,-8.07,-8.32,-8.47,-8.54,-8.53,-8.45,-8.29,-8.08,-7.80,-7.48,-7.11,-6.71,-6.27,-5.81,-5.33,-4.84,-4.35,-3.86,-3.37,-2.89,-2.42,-1.97,-1.54,-1.13,-0.73,-0.36,-0.00,0.33,0.63,0.90,1.13,1.35,1.53,1.70,1.85,1.98,2.09,2.18,2.23,2.23,2.17,2.02,1.72,1.22,0.40
-5.91,-5.72,-5.52,-5.31,-5.10,-4.88,-4.66,-4.42,-4.17,-3.91,-3.64,-3.35,-3.05,-2.74,-2.41,-2.06,-1.70,-1.33,-0.94,-0.53,-0.12,0.31,0.74,1.16,1.57,1.96,2.33,2.66,2.94,3.18,3.35,3.46,3.49,3.36,3.16,2.88,2.52,2.10,1.61,1.06,0.45,-0.21,-0.90,-1.61,-2.32,-3.02,-3.70,-4.37,-5.01,-5.64,-6.25,-6.83,-7.37,-7.83,-8.21,-8.49,-8.68,-8.78,-8.79,-8.73,-8.60,-8.40,-8.14,-7.82,-7.45,-7.04,-6.59,-6.11,-5.61,-5.09,-4.57,-4.04,-3.51,-2.99,-2.48,-1.98,-1.51,-1.05,-0.61,-0.20,0.19,0.56,0.91,1.20,1.46,1.68,1.88,2.06,2.22,2.36,2.48,2.58,2.66,2.70,2.69,2.60,2.41,2.05,1.44,0.44
-5.87,-5.68,-5.47,-5.26,-5.05,-4.82,-4.58,-4.34,-4.08,-3.80,-3.52,-3.22,-2.90,-2.57,-2.22,-1.85,-1.47,-1.07,-0.66,-0.23,0.20,0.65,1.09,1.52,1.93,2.32,2.68,3.00,3.26,3.47,3.61,3.68,3.65,3.47,3.22,2.89,2.48,2.01,1.48,0.88,0.23,-0.47,-1.19,-1.92,-2.66,-3.39,-4.10,-4.80,-5.48,-6.14,-6.77,-7.36,-7.87,-8.29,-8.62,-8.84,-8.98,-9.03,-9.00,-8.90,-8.72,-8.48,-8.18,-7.82,-7.40,-6.95,-6.46,-5.94,-5.40,-4.84,-4.28,-3.72,-3.16,-2.60,-2.07,-1.55,-1.04,-0.57,-0.11,0.32,0.73,1.11,1.46,1.75,1.99,2.21,2.40,2.56,2.71,2.84,2.95,3.05,3.11,3.14,3.11,3.00,2.76,2.32,1.58,0.34
-5.82,-5.62,-5.41,-5.20,-4.97,-4.74,-4.49,-4.24,-3.97,-3.68,-3.38,-3.06,-2.72,-2.37,-2.00,-1.62,-1.21,-0.79,-0.36,0.09,0.54,1.00,1.45,1.89,2.30,2.69,3.04,3.33,3.57,3.75,3.86,3.89,3.79,3.57,3.26,2.88,2.43,1.91,1.33,0.69,-0.00,-0.73,-1.49,-2.25,-3.02,-3.78,-4.52,-5.26,-5.97,-6.66,-7.30,-7.86,-8.33,-8.70,-8.97,-9.15,-9.24,-9.25,-9.18,-9.03,-8.82,-8.54,-8.19,-7.79,-7.34,-6.85,-6.32,-5.76,-5.18,-4.59,-3.99,-3.39,-2.80,-2.22,-1.65,-1.11,-0.59,-0.09,0.39,0.83,1.25,1.65,1.99,2.27,2.50,2.71,2.88,3.04,3.18,3.30,3.40,3.49,3.54,3.56,3.51,3.36,3.06,2.53,1.62,0.06
-5.75,-5.55,-5.34,-5.12,-4.89,-4.64,-4.39,-4.12,-3.84,-3.53,-3.22,-2.88,-2.53,-2.16,-1.77,-1.36,-0.94,-0.50,-0.04,0.43,0.90,1.37,1.83,2.27,2.68,3.06,3.39,3.66,3.88,4.03,4.10,4.08,3.92,3.65,3.29,2.86,2.36,1.79,1.17,0.48,-0.25,-1.02,-1.80,-2.60,-3.40,-4.19,-4.98,-5.75,-6.49,-7.18,-7.79,-8.31,-8.73,-9.04,-9.27,-9.41,-9.46,-9.43,-9.33,-9.15,-8.90,-8.58,-8.20,-7.76,-7.27,-6.74,-6.17,-5.57,-4.95,-4.32,-3.69,-3.06,-2.44,-1.83,-1.24,-0.68,-0.13,0.38,0.87,1.33,1.77,2.17,2.50,2.76,2.99,3.18,3.34,3.49,3.61,3.73,3.82,3.90,3.95,3.95,3.87,3.68,3.32,2.66,1.54,-0.48
-5.67,-5.46,-5.25,-5.02,-4.78,-4.53,-4.27,-3.98,-3.69,-3.37,-3.04,-2.69,-2.32,-1.93,-1.52,-1.09,-0.64,-0.18,0.30,0.79,1.28,1.76,2.22,2.65,3.06,3.43,3.74,3.99,4.18,4.29,4.32,4.26,4.03,3.71,3.30,2.82,2.27,1.66,0.99,0.26,-0.51,-1.32,-2.14,-2.98,-3.81,-4.64,-5.46,-6.26,-7.00,-7.67,-8.24,-8.70,-9.07,-9.35,-9.53,-9.63,-9.65,-9.59,-9.45,-9.24,-8.96,-8.61,-8.19,-7.71,-7.18,-6.61,-6.00,-5.36,-4.71,-4.05,-3.38,-2.72,-2.07,-1.44,-0.83,-0.24,0.32,0.85,1.35,1.82,2.27,2.68,2.99,3.24,3.45,3.62,3.78,3.91,4.03,4.13,4.22,4.29,4.32,4.31,4.20,3.96,3.50,2.70,1.29,-1.38
-5.58,-5.37,-5.14,-4.91,-4.66,-4.40,-4.12,-3.83,-3.52,-3.19,-2.84,-2.47,-2.08,-1.67,-1.24,-0.79,-0.33,0.16,0.66,1.16,1.67,2.15,2.62,3.05,3.44,3.79,4.08,4.31,4.46,4.54,4.53,4.42,4.12,3.75,3.29,2.77,2.17,1.51,0.79,0.02,-0.80,-1.64,-2.50,-3.38,-4.25,-5.12,-5.96,-6.76,-7.48,-8.11,-8.63,-9.05,-9.37,-9.61,-9.76,-9.83,-9.82,-9.73,-9.57,-9.33,-9.01,-8.63,-8.17,-7.66,-7.09,-6.47,-5.82,-5.15,-4.46,-3.76,-3.06,-2.37,-1.70,-1.04,-0.41,0.19,0.77,1.31,1.82,2.31,2.75,3.17,3.45,3.69,3.88,4.05,4.19,4.31,4.42,4.51,4.59,4.65,4.67,4.63,4.49,4.18,3.62,2.63,0.83,-2.70
-5.47,-5.25,-5.02,-4.78,-4.53,-4.25,-3.97,-3.66,-3.34,-3.00,-2.63,-2.24,-1.84,-1.40,-0.95,-0.48,0.01,0.52,1.04,1.56,2.07,2.56,3.02,3.44,3.83,4.16,4.42,4.61,4.73,4.77,4.71,4.54,4.20,3.77,3.27,2.69,2.05,1.34,0.57,-0.25,-1.10,-1.99,-2.89,-3.80,-4.72,-5.61,-6.47,-7.24,-7.92,-8.49,-8.97,-9.35,-9.64,-9.84,-9.96,-10.01,-9.97,-9.86,-9.67,-9.41,-9.06,-8.64,-8.15,-7.60,-6.98,-6.33,-5.63,-4.92,-4.19,-3.45,-2.73,-2.01,-1.31,-0.64,0.01,0.63,1.22,1.77,2.29,2.78,3.23,3.63,3.90,4.11,4.29,4.45,4.57,4.68,4.78,4.87,4.94,4.99,5.00,4.93,4.73,4.35,3.65,2.41,0.08,-4.14
-5.34,-5.12,-4.89,-4.64,-4.37,-4.09,-3.79,-3.48,-3.14,-2.78,-2.40,-2.00,-1.57,-1.12,-0.64,-0.15,0.36,0.89,1.43,1.96,2.48,2.97,3.43,3.84,4.21,4.51,4.74,4.91,4.99,4.98,4.88,4.64,4.25,3.77,3.22,2.59,1.90,1.14,0.33,-0.54,-1.44,-2.37,-3.31,-4.26,-5.21,-6.11,-6.94,-7.68,-8.31,-8.84,-9.27,-9.61,-9.87,-10.05,-10.15,-10.17,-10.12,-9.99,-9.78,-9.49,-9.12,-8.66,-8.13,-7.53,-6.87,-6.17,-5.43,-4.67,-3.90,-3.14,-2.38,-1.64,-0.92,-0.23,0.44,1.07,1.66,2.22,2.75,3.24,3.70,4.07,4.32,4.52,4.68,4.82,4.94,5.04,5.13,5.21,5.27,5.30,5.29,5.18,4.93,4.44,3.58,2.02,-1.03,-5.60
-5.20,-4.97,-4.73,-4.48,-4.20,-3.92,-3.61,-3.28,-2.93,-2.55,-2.15,-1.73,-1.28,-0.81,-0.32,0.20,0.74,1.29,1.84,2.38,2.90,3.39,3.83,4.23,4.57,4.85,5.05,5.18,5.22,5.17,5.02,4.71,4.27,3.75,3.15,2.47,1.73,0.92,0.05,-0.86,-1.80,-2.78,-3.77,-4.75,-5.71,-6.59,-7.38,-8.07,-8.65,-9.14,-9.54,-9.85,-10.08,-10.24,-10.32,-10.33,-10.27,-10.13,-9.90,-9.58,-9.18,-8.68,-8.11,-7.46,-6.75,-5.99,-5.21,-4.41,-3.60,-2.80,-2.02,-1.25,-0.52,0.19,0.87,1.51,2.11,2.68,3.20,3.70,4.15,4.49,4.72,4.90,5.05,5.17,5.28,5.37,5.45,5.52,5.57,5.59,5.54,5.39,5.06,4.46,3.39,1.41,-2.16,-7.11
-5.05,-4.81,-4.57,-4.30,-4.02,-3.72,-3.40,-3.06,-2.69,-2.30,-1.89,-1.45,-0.98,-0.49,0.03,0.57,1.13,1.70,2.27,2.81,3.33,3.81,4.24,4.62,4.93,5.17,5.34,5.42,5.42,5.33,5.13,4.76,4.27,3.70,3.05,2.32,1.52,0.66,-0.25,-1.21,-2.21,-3.22,-4.25,-5.25,-6.19,-7.04,-7.78,-8.42,-8.96,-9.41,-9.78,-10.07,-10.28,-10.43,-10.50,-10.50,-10.43,-10.28,-10.03,-9.69,-9.25,-8.71,-8.09,-7.38,-6.62,-5.81,-4.97,-4.12,-3.28,-2.45,-1.64,-0.85,-0.10,0.62,1.31,1.95,2.56,3.12,3.65,4.14,4.60,4.89,5.10,5.26,5.39,5.50,5.59,5.68,5.75,5.81,5.85,5.84,5.76,5.55,5.13,4.38,3.06,0.61,-3.21,-8.66
-4.88,-4.64,-4.38,-4.11,-3.82,-3.51,-3.18,-2.83,-2.45,-2.04,-1.61,-1.15,-0.66,-0.14,0.40,0.96,1.55,2.14,2.71,3.25,3.76,4.23,4.64,4.99,5.27,5.47,5.60,5.64,5.60,5.47,5.22,4.78,4.24,3.62,2.92,2.14,1.28,0.37,-0.60,-1.61,-2.65,-3.71,-4.75,-5.74,-6.64,-7.44,-8.14,-8.73,-9.24,-9.66,-10.00,-10.27,-10.47,-10.61,-10.69,-10.69,-10.61,-10.45,-10.18,-9.81,-9.33,-8.75,-8.07,-7.30,-6.47,-5.60,-4.71,-3.82,-2.94,-2.07,-1.24,-0.44,0.33,1.06,1.75,2.40,3.01,3.57,4.09,4.58,5.03,5.27,5.45,5.60,5.72,5.81,5.89,5.96,6.03,6.08,6.10,6.06,5.93,5.64,5.12,4.20,2.59,-0.15,-4.19,-9.77
-4.69,-4.45,-4.18,-3.91,-3.61,-3.29,-2.94,-2.57,-2.18,-1.76,-1.31,-0.82,-0.31,0.23,0.79,1.38,1.99,2.59,3.16,3.70,4.20,4.65,5.03,5.34,5.58,5.74,5.83,5.84,5.76,5.58,5.26,4.77,4.19,3.51,2.75,1.91,1.01,0.04,-0.98,-2.04,-3.13,-4.21,-5.25,-6.21,-7.06,-7.81,-8.46,-9.02,-9.49,-9.88,-10.21,-10.47,-10.67,-10.81,-10.89,-10.89,-10.81,-10.62,-10.33,-9.93,-9.41,-8.78,-8.04,-7.21,-6.31,-5.38,-4.43,-3.49,-2.57,-1.68,-0.82,0.00,0.78,1.51,2.20,2.85,3.45,4.01,4.53,5.01,5.41,5.62,5.79,5.92,6.02,6.10,6.17,6.23,6.29,6.32,6.32,6.24,6.05,5.67,5.02,3.92,2.07,-0.80,-5.05,-9.48
